Date,AAPL,MCD,MRK,MS,MSFT,NEE,NKE,NVDA,ORCL,PFE,PG,SBUX,SCHW,SLB,SO,SPGI,TMO,TXN,UNH,UPS,VZ,WFC,LLY,JPM,JNJ,INTC,ADBE,AMGN,AMZN,AVGO,BA,BAC,BLK,CAT,COP,COST,WMT,CRM,CVX,DE,DHR,DIS,DUK,GE,GOOGL,GS,HD,HON,CSCO,XOM
2010-01,-0.08859645439581632,-0.00016023755859961852,0.04488259009923423,-0.09361201812116782,-0.07545920601625211,-0.07686513968000286,-0.03511464412601761,-0.17612379168200676,-0.058027817511837276,0.025839029010659154,0.022462941398905478,-0.055073946129572726,-0.028161327620044085,-0.02504193250991038,-0.026661244685135754,0.05789303626596998,-0.03229208007097972,-0.13218211187858464,0.08267736458357255,0.006972000471965778,-0.09914859379273744,0.053353052783576604,-0.014281557797645061,-0.06439253428023961,-0.024064287802269657,-0.04901966801049251,-0.12180532057978422,0.03376373075033068,-0.0677222212927151,-0.049753916009339316,0.11952693545827109,0.007968074496126576,-0.07915592844774122,-0.07709437652703977,-0.06011343526429358,-0.029406287868471215,-0.00037383026549875353,-0.13853866112584645,-0.06325476364827975,-0.07653906793067788,-0.05119708259963496,-0.08372103722812219,-0.039512053571194916,0.06278930712426578,-0.14523051736086445,-0.11916622017328415,-0.03180092459810124,-0.014286203569452649,-0.06140374442273988,-0.055140296055032456
2010-02,0.06539575757465288,0.03143851141797116,-0.03404929274557278,0.052277515468541536,0.022145675232770445,-0.03874562200531095,0.06039267623905076,0.05263110758357059,0.06895024467715238,-0.05060455800426722,0.028107209983070147,0.05139980422582502,0.0045376923734388175,-0.03405649456200299,-0.007187840019134306,-0.028800850051058036,0.056771784748605336,0.08355578811614395,0.02606040392379194,0.025234134006570708,-0.016655588921445585,-0.036666908832079126,-0.010660209906509177,0.07781250589117028,0.009895573142001401,0.06671251374767095,0.07275549053642094,-0.03197711985267082,-0.055896674360343956,0.04430383513897196,0.04935969301325982,0.09749663310483325,0.023290910663696707,0.09207540510058854,0.010245765445721755,0.06490201424407238,0.011978118298175078,0.06923668386627435,0.012090698785842902,0.14714720993834307,0.036720824361759385,0.05719125949152515,0.0036562998718594475,0.004990430277984181,-0.005925185183788817,0.05366219669012717,0.11388778987915793,0.04749296388361701,0.08277710129222227,0.015428129337957897
2010-03,0.14847047695385052,0.04494879660140927,0.023348563952181323,0.039390068809011414,0.021625373624891253,0.04226883954755256,0.09163537861613347,0.07407434459781714,0.04300241944405703,-0.022791447874179305,-0.00015785142536672847,0.05936247452550458,0.020753436422223492,0.03862548190580606,0.04375243435067144,0.042397976469590315,0.05474641350940046,0.0036913401317475447,-0.03514469154114852,0.0965270235451785,0.0722436439886498,0.13825918547079286,0.05474699641912917,0.06623704161248156,0.03492026756579669,0.08572817080466977,0.020779145001425636,0.057057233271578855,0.1467060379504379,0.13278214356690454,0.14962026339643986,0.07208014826657405,-0.00012616764509987277,0.10166503505886215,0.06604124399487699,-0.020665836592505427,0.034092747833839754,0.09565873913824618,0.04882386760848312,0.042516456996074314,0.08085999496688667,0.11747766758379008,-0.0018351020428424292,0.13325032380597546,0.07653753168978494,0.09133322448318992,0.04457229937020224,0.12724114431136746,0.0698724056191935,0.03046179557512918
2010-04,0.11102149499989511,0.05800382670507842,-0.061847263781328876,0.0334778631687509,0.04267694524217602,0.0769714554857932,0.032789064066026885,-0.09712645503456063,0.008152401992333802,-0.025073298809685562,-0.009982849410999362,0.07489204530771487,0.03210291582454983,0.12543302836172376,0.05584417289613275,-0.05413736813490877,0.0746500019360945,0.06776235022428878,-0.07138458085451349,0.07343580528255944,-0.05393992251071056,0.06394580060752908,-0.03451148978984131,-0.04742694278305459,-0.01380344301427916,0.024675085954986686,-0.05004242327437791,-0.042279274723959426,0.009796006270073487,-0.002431638068394637,-0.002479060307506331,-0.0011203829808681398,-0.15503294352757047,0.09013089188500634,0.15673299875042135,-0.010550962768724803,-0.03525158139235185,0.1497647683322909,0.07398117069271026,0.006054771732835418,0.05468669166848694,0.055285046426557294,0.028186414300762186,0.03626399942904701,-0.07303570428012185,-0.14903598489822367,0.08902643731827742,0.048596500448589985,0.034575651180475786,0.011794639046197597
2010-05,-0.016125150934621302,-0.044739457169838515,-0.03852717960430796,-0.10291172863636155,-0.1513946189439943,-0.040730600826525465,-0.046502819915214544,-0.1635897377322616,-0.1275609207613373,-0.07951481915752157,-0.017213468851027036,-0.0034641669382027285,-0.15023291565615982,-0.21104481664562214,-0.05381939387949697,-0.1686871464539651,-0.05824879649890591,-0.06113022736787399,-0.04091093008572688,-0.08598027769923722,-0.04775084981594657,-0.13217699190072274,-0.04913233013026963,-0.07045585597618365,-0.08503123747060548,-0.05555731844521827,-0.04523799738375334,-0.09649282418931693,-0.08490156877685595,0.006826274376376951,-0.10876067199858219,-0.11721823941458209,-0.08760877554845303,-0.10765159145058234,-0.11480778229679,-0.010662019424826585,-0.05194422039229618,0.010864740599525025,-0.0844822593006691,-0.03577391642224692,-0.05813990858910256,-0.09283392299069937,-0.03519857812408722,-0.13308605709691734,-0.07622223237371295,-0.00398903450157706,-0.03888709523780087,-0.09296094196086191,-0.13999249438454509,-0.10180650584630058
2010-06,-0.020826922603944253,-0.014954448876724591,0.04950308012791771,-0.14385839540170775,-0.10813940259790789,-0.013352411935170339,-0.06326616377893846,-0.22298358746351576,-0.04918047399235381,-0.0636903447076489,-0.01816982378079457,-0.06141375262992255,-0.13219045883456548,-0.014426410050384364,0.01773670528184801,0.01223010998877827,-0.05781808941223998,-0.04668338322813681,-0.018947771856822504,-0.09353110253948604,0.018168837378190528,-0.10770341556875396,0.02165236104716084,-0.07503736602424038,0.013036311505422171,-0.09197025082013599,-0.1761222320258562,0.01583642271573682,-0.12912481640666507,0.019854553726470492,-0.02228111408357336,-0.08644771724556055,-0.14060251120243916,-0.011355854615977545,-0.053413301625782394,-0.058712459401891626,-0.04924857071391864,-0.008205282084920884,-0.0813592086898477,-0.029802528211344326,-0.06427971514356734,-0.05745050025538567,0.002506433712512468,-0.11244320334569269,-0.08376733484028243,-0.09004596673466814,-0.165179707388314,-0.08744491611640848,-0.0798792345086381,-0.05607008344253095
2010-07,0.02274118053472929,0.05860023977148576,-0.014583980719496181,0.1650181253206522,0.1216862471739606,0.07260031546529033,0.09015557870593582,-0.09990206379225808,0.10394655474815306,0.051893326502672865,0.027653439172032446,0.02263377801964639,0.04301775646226358,0.0780630107372784,0.0749658773842361,0.09061856539782553,-0.08542308951921984,0.06556619205527481,0.07218322609001371,0.14255585186652975,0.12589611609535978,0.08320360057602705,0.06268666082443763,0.1017499465758469,-0.016424496092376395,0.0591262177278391,0.08664392666428622,0.036691501080675426,0.07898590009148321,0.03323830516603321,0.08589622895882276,-0.022964673026061644,0.09825652552780118,0.16887778649126295,0.13635358865654834,0.0342881866130027,0.06490519480711732,0.15299461718781648,0.12304709670614145,0.1975575324819121,0.03475216700584216,0.06952372508850058,0.06875006641484238,0.11789174433686234,0.08967299317171307,0.14893000870698292,0.01567469022486012,0.09813009108477355,0.08259037318353468,0.04573301530466023
2010-08,-0.055004719200896446,0.0556024369073671,0.020313349178291862,-0.08521656304843739,-0.0858117642645363,0.03689194772946913,-0.04942985332968064,0.015233783282448732,-0.07614247733467716,0.07248123465099887,-0.024362610992832323,-0.07038823950185091,-0.133840364023596,-0.10272202045412104,0.03849443716798184,-0.09142410528632106,-0.061078762181332236,-0.06763863839803541,0.04170765707874757,-0.011335607446845253,0.016173786912810684,-0.14922627169862068,-0.04405881288867908,-0.09731864907179599,-0.009162357380041009,-0.1356900633956114,-0.03551527071035654,-0.06400124938203167,0.05886845959709941,-0.07398901754136855,-0.09742501778584844,-0.11253563358645402,-0.09228839467041106,-0.06580663717758728,-0.0505251140546753,-7.826885881079271e-05,-0.014795364970535796,0.11045981764078383,-0.018858181263091578,-0.051139711188270986,-0.054152469540575954,-0.03413488792581376,0.01878817516680331,-0.10173680398224949,-0.0718366859154147,-0.08981714956628384,-0.01590442447377316,-0.08209992088887608,-0.1335066178356027,-0.0024634001993160126
2010-09,0.16721490223146973,0.01984663734896941,0.05789698626874151,-0.00040526021201114926,0.04345966726870354,0.012283499192996983,0.14915866012293066,0.2518752402780631,0.2293958817230033,0.07919517991301217,0.005027500842189614,0.11183609080978352,0.0893417731833357,0.15525990791766398,0.014990064733976238,0.1956600590594404,0.13675219484391765,0.17897481129355564,0.11095490769478067,0.04529737764205932,0.1036227626438504,0.06666628210263337,0.08752568399707061,0.0467550697735859,0.08663646694741312,0.08658808246980776,-0.05595671847355921,0.0797416255486485,0.25819118622479587,0.11712130766807616,0.08849969942362268,0.05220887275887476,0.19936623871099202,0.20748936658596118,0.0953650399843391,0.1414160208901789,0.06741164187792581,0.01747368200051813,0.09408755495193533,0.10750043860715763,0.11835405962274415,0.017209757793670732,0.030849674422075868,0.13054043215949074,0.1683702878403568,0.055867875069378625,0.1387489535316675,0.1249361096728081,0.09554758902486848,0.04533935964931546
2010-10,0.060722517430181755,0.0437523105259805,-0.013583500214347288,0.009785701999649898,0.08901595580673827,0.011950999394703565,0.016221362467506495,0.02911053379461248,0.09623872642227638,0.014560147149232927,0.06817930905293701,0.11780796004767202,0.10863340295252377,0.13439401054837075,0.02914366162600257,0.13883813440295123,0.07393475857885057,0.09436788778301874,0.02677260968233175,0.009746813782569363,0.011326557144112792,0.037419909365332904,-0.03640837549565756,-0.01002307785593104,0.028727897034140693,0.04427037903975206,0.07648183667975172,0.037742545380118564,0.052018360628662386,0.0964016895522033,0.06161702473047459,-0.1259537842871098,0.00434601377605115,0.0044858493660135945,0.043480154173623387,-0.023527311196539613,0.012144799069000012,0.03819303673684926,0.019123483831023247,0.10060224983688637,0.0677172916158717,0.09154068323206377,0.028232488464938976,-0.01415384664436492,0.16719602092024766,0.1144698144402172,-0.024621270465261746,0.07214384052964284,0.04383583519101997,0.07606429421366534
2010-11,0.0337898279217419,0.014695843142795484,-0.0506742895261888,-0.016485668987982205,-0.0470488529448605,-0.07139198537841285,0.05758860668807353,0.132279133708054,-0.07930519213075093,-0.054619247167141394,-0.03932667016966729,0.07597218907144532,-0.020939229111242463,0.10966292431811109,-0.0039609373512486945,-0.07773994036242882,-0.010890729565022461,0.07541412472872033,0.013037974649240835,0.0485750770218889,-0.014470812235669595,0.04614331462357146,-0.030468334970792266,-0.00611193533651988,-0.026048139395164482,0.06362408111748419,-0.012433406259775959,-0.07868531426326952,0.061550575211672065,0.05794118239197332,-0.09178699632919762,-0.04366876137880904,-0.04672732089631393,0.07633597518129953,0.013134028620973348,0.07710696859214505,-0.0014767207700453477,0.1994488507541785,-0.011344982191551445,-0.027344131603517452,-0.0025368604115797444,0.010517443453542885,-0.023259254144020414,-0.011860561889992627,-0.09449242427610083,-0.02883507809562924,-0.014754017415286702,0.061831584474707935,-0.1618546398115298,0.05275905909905454
2010-12,0.03667010540755222,-0.019667978565360844,0.05670365006897482,0.11242804475955692,0.10490905000196427,0.027064440722522898,-0.0047226600181988765,0.1315212035880562,0.15711632246640006,0.07423297859929145,0.05338149198474618,0.049999817694625914,0.13839010990490097,0.07964825193162617,0.013520878347498266,0.05566791394645754,0.08847828904782418,0.02201309699142584,-0.007967651620655825,0.03493535656572466,0.11777595652042971,0.13891968180434144,0.040997798275493436,0.13422422347672724,0.004874211443889553,-0.0061437221519111684,0.10719429968948635,0.041943679483754215,0.02622571610389368,0.09098211730663386,0.02336508059193143,0.21937858374685537,0.17641945821638538,0.10709167397576103,0.1317926022979521,0.06803713678921608,0.0025562024476879497,-0.0518604118125332,0.12696028786375946,0.11645811611461387,0.09109766267267871,0.038627325565226966,0.01481466335115278,0.16450871338726536,0.0688488528936464,0.07698243367058266,0.16054341371652958,0.06940272833232153,0.055845521775618856,0.05117886335216992
2011-01,0.05195953917899199,-0.04025518623754465,-0.07963371544246423,0.08235048231065978,-0.006449172554757965,0.0282749651665688,-0.03441803228889739,0.5532463181330303,0.024966220541827067,0.04054833637442545,-0.011378808130156237,-0.018674387155913297,0.054938581518912066,0.06574851415946759,-0.01595610113928303,0.07058498677452918,0.034501853699408835,0.047351336815719236,0.13680384781172772,-0.013226979123664329,0.008594143467781867,0.046143448917849605,-0.007705670708045509,0.06062320808044275,-0.03362974739472413,0.02044670951448313,0.07374913904403901,0.0032788912872592224,-0.05755551656087243,0.010560145393099019,0.06466464041615949,0.02923558072649035,0.03903869437430507,0.040638781798251644,0.04933938608845945,-0.005124307993351174,0.039680472924192633,-0.021666729418973407,0.04032889890303459,0.09452137732840526,-0.023532118461072726,0.036257042822108065,0.003930507351413315,0.10114876194299494,0.01075817150157099,-0.026997815480400367,0.0487734699263751,0.0536115076523862,0.045476357540300105,0.10339208942470623
2011-02,0.040934635772155836,0.03568393625747657,-0.01808835655875629,0.009524212498744467,-0.03580610014994323,0.037597952447333105,0.07941318703638078,-0.052675524924395756,0.027162529730797358,0.06708634513500766,-0.0012671261327562577,0.05017861306127558,0.054291342332053016,0.05269288082727153,0.025427453920972454,-0.0012694351829124484,-0.02531881648999368,0.05013277824789175,0.03727172323752348,0.03767341610758623,0.03649635121458372,-0.0034444140322877903,0.007824843568967621,0.038940444342508096,0.037236457101157194,0.00893661927288103,0.04387294391563845,-0.06808295787578234,0.02151613746851533,0.1839072794623584,0.04243451843184509,0.04078668344740799,0.030148356438018276,0.06102458808525846,0.09938140307711096,0.043925019728498604,-0.07294415470107174,0.02423736444970337,0.10113075214629896,-0.008250917354963638,0.09856710950061087,0.12528964074053128,0.01993474937823181,0.045917046641084314,0.02172036276168754,0.0031038524865731887,0.019037041070735228,0.03995934010515256,-0.1224583925436793,0.0657008115896518
2011-03,-0.013306270953249655,0.005417509537335441,0.025352174733164645,-0.07951509259146106,-0.04477059405151851,0.003890609241947729,-0.14673033400024404,-0.1853486564130249,0.016108958708032528,0.05561313337185059,-0.022997783590240295,0.12037603794595086,-0.04955169099968049,-0.00171260423169739,0.0,0.01861445071504786,-0.0048371380092213645,-0.029485745556136922,0.06458612852096457,0.0070460801716119015,0.04387865235717103,-0.01485666263106511,0.01765015437037465,-0.012636419744721517,-0.03564457410956212,-0.06008404243061827,-0.0388405841329823,0.04130172686866307,0.039471406116217134,-0.08266299057098181,0.026663240330326188,-0.06650964558097805,-0.00774733063399724,0.08180310404432278,0.025555468701043305,-0.01965545518199996,0.008365001684776052,0.009903872423599136,0.03604805967598046,0.07881171896201744,0.026092516542972843,-0.014860621481956438,0.008894091570954554,-0.041587151291524904,-0.04343009835776812,-0.03162756668379729,-0.004189830556845631,0.03108259732570695,-0.0727332492492675,-0.01636831771038194
2011-04,0.004648454837867133,0.02917606097390757,0.0890636183695861,-0.04097048957197247,0.020874586082562763,0.026305795973603496,0.08745054222645221,0.08342344196591989,0.0776084335173639,0.032496268482136825,0.06230894283461641,-0.020298316976500197,0.015529893717603382,-0.03763655542084421,0.03700919770332067,0.027157137729277636,0.07992798123534461,0.031803249768562525,0.08915963592214249,0.008745824961626347,-0.007095267254277671,-0.08199273096409898,0.05231694325323222,-0.004827547915833619,0.10919846287913804,0.14717536150747357,0.01176113966957315,0.06361006152602688,0.087048178737823,0.07588452497343168,0.07912857096153303,-0.07876967439625138,-0.025222881036769174,0.040777929239514066,-0.012146256500061403,0.10324674072199569,0.056291898168085996,0.037580536302491474,0.018141381313417693,0.006295424774044989,0.06435413980299498,0.00023174124423031017,0.027548161463582632,0.019950381854323407,-0.07270437213741887,-0.04785635064579674,0.0024281169686788395,0.025456544825090965,0.021574678399834735,0.04576212109461353
2011-05,-0.006569302523626308,0.049009559533130576,0.022253632221895803,-0.07609947054202304,-0.028783636804158408,0.024395325254011224,0.025874643501265115,0.0020002477066813906,-0.04838686388956015,0.03279171241087653,0.032357523901256346,0.01992819940297097,-0.013102038941087413,-0.04209148144362196,0.026639071017597882,0.05565256518172279,0.09101513429443076,-0.006473451936187313,-0.00568789408184478,-0.012864796518265775,-0.022498525928383417,-0.021441845191562114,0.05304563123771988,-0.05237757146530597,0.03276972384410315,-0.020010180217512996,0.03219081536853441,0.06490792142689283,0.004494216538089457,0.009862160662719388,-0.01676981206463679,-0.043159851599479104,0.049097025368135094,-0.08326823007558226,-0.06338220668285077,0.02264029793749689,0.01101117892097947,0.0985569259222272,-0.0339801122883443,-0.11712823480002876,-0.012852953500982589,-0.03410642421641097,0.018166952322913987,-0.03960866802834473,-0.027715483977397426,-0.0656752648594705,-0.023418273729093997,-0.021915486367575343,-0.04109626103851838,-0.04588086617358511
2011-06,-0.03495953119119333,0.03409305752924863,-0.02932301491724154,-0.04759914286735423,0.03958422702850872,0.0010451193799574376,0.06951835324587896,-0.20459099650587298,-0.03828201567764533,-0.03962672718685234,-0.05119403519567045,0.07338956904137528,-0.08661905050395546,0.007932240628204745,0.007485048176902209,-0.013185591904226746,-0.016195768119852683,-0.06997180084952082,0.05721730508070966,-0.007620089955798881,0.00812379937811225,-0.010926929513636607,-0.024688706655835335,-0.05319174552403616,-0.01144281815046222,-0.015548403954491752,-0.09182790086898651,-0.036174840154411636,0.03965624863935702,0.1275590231974968,-0.05254388327358861,-0.06643914878857682,-0.06041757522479618,0.006238168810345002,0.026905285140172097,-0.015033786368777058,-0.03766776387594517,-0.02154191575665565,-0.019731351625764226,-0.037278199611578744,-0.027875089695804878,-0.06221490970895904,0.004267067717905304,-0.03181803658568949,-0.04279609771360915,-0.054288290282841545,0.005850395430809563,0.0006714980420334804,-0.07083320478205479,-0.025038542267973418
2011-07,0.16328532098391424,0.025616992025269347,-0.03287045215161777,-0.030969232673319302,0.0538460967333978,-0.038461735450915024,0.0018893553227703475,-0.13237126544806876,-0.06915343558398268,-0.06553390100314771,-0.024795642503934845,0.015193583001387623,-0.09240099671283608,0.045949443505129084,-0.009143698580420856,-0.007396768001123211,-0.0667802758167495,-0.08992353710411483,-0.03780560083948237,-0.05087086600229651,-0.039717964869080635,-0.004276755068579607,0.020517346921396173,-0.005898135762064549,-0.02600739143339703,0.007671404626580891,-0.11891896940346025,-0.06255338965210677,0.08817064190318868,-0.1150004157624166,-0.04680153337840265,-0.11405135425355639,-0.06959957566011488,-0.06812634261497108,-0.03407144766387182,-0.036804318250607704,-0.008091850099592568,-0.02866169819972053,0.011474381427601932,-0.04778624658825448,-0.07322097961049312,-0.010758066732770244,-0.012214947227622064,-0.05037087734143375,0.19216798963609238,0.014125612369692675,-0.035615802272316865,-0.10891066698095386,0.026947300469050584,-0.019538365688772208
2011-08,-0.014469332813402236,0.0525153189483607,-0.030178868511034573,-0.21348348388978333,-0.023069462288514697,0.03695319250445883,-0.03882423819835623,-0.037599182928139796,-0.08207989353827261,-0.003034078598261436,0.03561512723360827,-0.03324482868647838,-0.16884211251863668,-0.13274718090912008,0.04602912179244156,0.018842875193536335,-0.08587129029374896,-0.11899137615458144,-0.04251431573171538,-0.018595791275766382,0.024936177121497538,-0.06171281667129047,-0.00651160474989021,-0.07144615215936756,0.024636895960380656,-0.08972103999267211,-0.08913747365435898,0.01832317034820985,-0.03276110304953761,-0.015461887414117248,-0.0447915840675287,-0.15756201450887553,-0.06915989585188331,-0.07885423694498783,-0.05445165237333904,0.006892879735547641,0.016406802376215612,-0.11028954924590428,-0.042185664716547056,0.02942208467119567,-0.06719636341734547,-0.11807366126683361,0.03110021770184246,-0.08933554251746856,-0.10391099840567575,-0.13631545338489293,-0.03729352195971758,-0.09306205432572834,-0.018785095912438265,-0.0661880599853858
2011-09,-0.009121001146493612,-0.028647014793826475,-0.00021236536924518212,-0.2279998470918787,-0.06428599099706733,-0.0476023806830721,-0.00961330412376471,-0.06010508080061172,0.02386896005015715,-0.06849298735280196,-0.007851822592873647,-0.03443811649633499,-0.08744968499032346,-0.23540694026561615,0.02441988239381354,-0.026359635683753324,-0.07809928329603666,0.016786936160920085,-0.02609697161126756,-0.0629174060347375,0.017417642716579307,-0.07586198236973973,-0.01439671037200796,-0.1980833333396409,-0.0320673353067753,0.060108892801464586,-0.042393015234833964,-0.007941974581023858,0.004646121395208258,-0.007282399022698671,-0.09497471632617571,-0.25091776131772703,-0.10160892462460258,-0.18857123086534877,-0.06978157578875277,0.04570909497227982,-0.024252568211540204,-0.11238832457627446,-0.0632335763418781,-0.19632132031109129,-0.08396209668627075,-0.11450363393612628,0.057112169764469645,-0.05788076067469783,-0.04791467667359717,-0.1864567140536233,-0.015278319695922638,-0.08157270516329473,-0.010849185024962793,-0.01877892540847481
2011-10,0.06152348591853185,0.0572765390736254,0.05504577475109684,0.30963472495211475,0.06990758563012278,0.04405837901519649,0.1267690036671285,0.18305290160567433,0.1425022059259744,0.08936606790416057,0.021078297089152986,0.13596188905783158,0.08961887446389727,0.2300347421224873,0.019589145273251507,0.0365855225305276,-0.0073065750177797595,0.15945439980467913,0.040547066617638405,0.1122725337831374,0.018887097719871848,0.07421245718132652,0.005139535594866462,0.1642096140399627,0.010991091689504628,0.14995354403374517,0.21679767292419583,0.04203028373485451,-0.012579168908284366,0.030515927723311354,0.08725842315744714,0.11601299574241386,0.06607657845302861,0.2863338225043628,0.11077407076022205,0.013637123795662509,0.09287046707492475,0.16529582088711048,0.13457232840618616,0.175468860194528,0.15283813243653444,0.1564985302285975,0.021510928114437,0.09789718081476906,0.15066767152614013,0.15864629859354062,0.08913903905045273,0.1933494096200481,0.200224822840968,0.0751751528980682
2011-11,-0.055783726149157276,0.03649381726079559,0.03623213235283229,-0.16156446470908814,-0.032195776802446674,-0.007037598347393037,-0.0017645404561577038,0.056081043682091325,-0.043332290772594595,0.0525449308475201,0.009063645044754098,0.030453952922260497,-0.021443070313094115,0.029033305246936703,0.027679489205303165,0.010488501271172845,-0.0600756159769692,-0.020501427961294283,0.016253040863803747,0.028975899523745463,0.020281124433074726,0.0029285037475190734,0.031927515125952155,-0.1090330237686915,0.014452793038474576,0.02409455101294289,-0.06766405241220264,0.016138071451000435,-0.09938643423175819,-0.1140063399112794,0.05073711181956897,-0.20194328319602206,0.09031019960503528,0.036205204554558,0.023976915766997564,0.027554728866332034,0.0384346989505322,-0.11076081561642159,-0.013490598593501435,0.0441368160072495,0.000620114304578756,0.027809679387760244,0.03355268247066778,-0.04787472027400719,0.011389624135466292,-0.1215789805269657,0.10411505950074296,0.04048145165563022,0.005936141953723606,0.03623165129144157
2011-12,0.059654587810641146,0.050356173508590896,0.06720351957494564,0.022988338841900324,0.014854779687516029,0.09812398831205882,0.0057399347038229465,-0.11324352710929197,-0.18181815466918005,0.07822642371653643,0.03314228816388409,0.05818749213655372,-0.058528136683349774,-0.09318976471304496,0.05420214854816452,0.053160846985420784,-0.048253954437776914,-0.03288983821940017,0.042687398365985674,0.020069803469661585,0.06334500967219103,0.0657389626370859,0.09801887624884364,0.07361950796938177,0.013288273459466149,-0.026495016666507887,0.030999284431242558,0.10878930730921921,-0.09979721340026226,-0.03137932828567569,0.06784098088631518,0.02205947862653912,0.04438535002194266,-0.07437627623255261,0.02173298553604197,-0.02321265212592427,0.02094071438344125,-0.14321910083970268,0.03481827768597778,-0.0188461310771858,-0.027187200823365343,0.06359038542755302,0.055156072836684444,0.13662967887896116,0.0775958325699515,-0.05664474834128319,0.07190184677189904,0.0036936768795474695,-0.030042704216778016,0.05370466178236266
2012-01,0.12711121477824605,-0.012757488774529202,0.015119278476447118,0.23604573362945946,0.13751952622350783,-0.016918619957257075,0.07907022033904432,0.06565647515676987,0.10226058365659685,-0.011090768864288947,-0.047466827840549786,0.04151301920319583,0.03463592121184189,0.10042399379081468,-0.015770534762098665,0.022904156087955263,0.17633990874397476,0.11820650547002254,0.021902161740528614,0.03361093939196591,-0.04910650564727048,0.05986926856313657,-0.04379239381299338,0.129879665445223,0.005031801003272829,0.08948444503624486,0.0948001507527314,0.05793494719064385,0.12328138902585839,0.17602206162311806,0.011315344618382017,0.28237377247144946,0.021095134181549513,0.20979868287194936,-0.0639492798632314,-0.012601801299588877,0.02677376205442239,0.15119282986666405,-0.030827014335899405,0.11376862992210723,0.11628397702367099,0.037333520019927624,-0.03136395267627201,0.044667768972479704,-0.10185790538407791,0.23266579812602517,0.0558992397225575,0.06789312220586918,0.09045492927645671,-0.01203446144184328
2012-02,0.1883105962440712,0.009361944119776089,-0.0026126756055243616,-0.005897800418451005,0.08191527482551275,0.004282649985353437,0.03779232138350941,0.02572775276566297,0.03686662840337007,-0.0023606272468343903,0.07265217380300637,0.01693309393904463,0.19723743493622958,0.036110193665599866,-0.01985365928801397,0.017412756204796542,0.07032144465678769,0.02995683269588878,0.07646245914035399,0.02533003971417691,0.011949268490796472,0.07562738922083367,-0.00011823640731767338,0.05201063235667536,-0.0038710901299784384,0.02554094203481405,0.0626816988331711,0.006557322628457429,-0.07585889544072666,0.1081319030063228,0.016326716843964695,0.11919043156578968,0.0934066978828243,0.04664564194741594,0.13244486816644407,0.04904556696019724,-0.037157844762167325,0.22568471176419935,0.0662950849597237,-0.0373767878756982,0.006094197366638632,0.07943461721798228,-0.006752089208909018,0.027177504006403508,0.06574600847534362,0.03604322734468557,0.07163766766910107,0.03283494642968776,0.011704932453734829,0.038613385019120594
2012-03,0.10528400343467803,-0.011885808611148407,0.017239235971393763,0.05933128063716486,0.01638308318362247,0.02638214335649658,0.008181794668824738,0.016502019537935286,-0.0030768579752634695,0.07193536317548332,-0.006062986943987769,0.15094734606139082,0.03530292861829376,-0.09895617217636377,0.016745180121505943,0.04146933060644353,-0.0018966214885298704,0.00779610561961519,0.06031995575498139,0.0484480237196645,0.0031484529473972955,0.09429994653782559,0.026248626769678207,0.17176293048402425,0.01352184264486378,0.046130970266847315,0.04317427819988029,-0.0005884221893289743,0.12699647200473074,0.03980327942829365,-0.007738182803979088,0.20075291742817947,0.03749800644387791,-0.06733176062447777,-0.0070541421111643965,0.05507743727846548,0.042816671722836874,0.07928193744125411,-0.017503885870117197,-0.01900208645843182,0.060483221078369453,0.04262888731811887,0.004302416154198907,0.053543745493687345,0.0371856590021471,0.0801631873395241,0.06411110597618341,0.024844757322627142,0.06388322718635897,0.0026588003462788556
2012-04,-0.0259696838620066,-0.006625592176072281,0.02187487346340866,-0.11758874138920394,-0.0074391529785815536,0.053536298408970895,0.031630179761350075,-0.155844564859828,0.01028106670592055,0.01103734354657493,-0.04510778952501593,0.026481075211925775,-0.006263563648877368,0.060202941035008894,0.022479571982556346,0.014442137214049522,-0.012947547055249808,-0.044607247465121014,-0.04733624337705988,-0.03196260433133469,0.07017697668972045,-0.02108953308164241,0.02781249969959876,-0.059126742263112875,-0.013038277974638968,0.009957238351934627,-0.02215103776772509,0.04619701858280578,0.14512869305691556,-0.11521707372706946,0.032674702092854835,-0.15256017371530317,-0.0650072372656163,-0.031123623417087964,-0.05762353235140094,-0.028853979750537273,-0.03741752386842945,0.007895824339853474,-0.0060629372809031246,0.018047158658513585,-0.031785535232261575,-0.015303897484466256,0.019990371921194905,-0.024414659651611936,-0.056749459826419435,-0.07413348281258458,0.029417705166998376,-0.006388085750260619,-0.043196045855481535,-0.004496445436484753
2012-05,-0.010703096735331541,-0.07604468817468502,-0.04230357955446473,-0.226852040548848,-0.08240044895384213,0.024819689659469013,-0.02976890760083284,-0.04384583631193184,-0.09965987891039174,-0.03551346009139045,-0.021212808887529855,-0.04029214235062706,-0.12351151720733244,-0.1433810378766862,0.010130403213041816,-0.11271299760990938,-0.09290220291167506,-0.10832791978780065,-0.00676733383670336,-0.033813499547828196,0.031203630271389615,-0.034764317509493714,0.0011190210825766655,-0.2287106344428813,-0.03167774575938176,-0.08354521197649634,-0.07451564998065363,-0.017362026604014535,-0.08188875050079214,-0.040023173180905314,-0.08829975422235514,-0.09249167559657623,-0.10846627423571276,-0.14741655612927462,-0.03256839121830357,-0.0170576757433486,0.12487864743330457,-0.10986953195029592,-0.06911782591261229,-0.10308435665876325,-0.041497769099006265,0.06031123956856432,0.03763029988403588,-0.025025861995801146,-0.03966268372479531,-0.16493775737012595,-0.041685278919476154,-0.07643343145963655,-0.18998035139437552,-0.0830242074002372
2012-06,0.010853159723913208,-0.009066655274612478,0.12310479799910001,0.09206598225708218,0.04796107828219376,0.05310687721468277,-0.18857447102705405,0.11182618739992134,0.1220251582815266,0.05166897108097013,-0.016696000305506442,-0.028602475438700092,0.037720589891372835,0.026245205951712647,0.008495014405920376,0.03734354332670753,0.030992257951925284,0.007373662441481743,0.05282810882331468,0.05097395152712103,0.06724281734792581,0.04337009407668191,0.04786301406720139,0.07782780098836484,0.08217182898317277,0.03134652031144225,0.04251206851073608,0.048763067715063446,0.07251884325323021,0.08939260258805626,0.06737541918796142,0.11292530848630933,0.0033835279737941537,-0.03092939345900292,0.07131941667258546,0.09966439351769951,0.05925266820702624,-0.0025971855948401235,0.07313613568996002,0.1014279927081223,0.002614439367065957,0.06103669524946831,0.04913560001842798,0.10406259719151323,-0.0013600406689203703,0.0016719213158156165,0.07397601102574569,0.0032336792339062725,0.05143932644333571,0.08826114190958023
2012-07,0.0458218800161061,0.00937566526323752,0.05796375412268295,-0.060127203402442375,-0.03661298016737513,0.030372922296970417,0.06345388878804248,-0.02026064467834532,0.018939371348879463,0.04521716797316033,0.06285433322371103,-0.15078810883664817,-0.023201559060811894,0.09782754025254836,0.039957254984686275,0.04355593560321025,0.07243308761905976,-0.04453577804480924,-0.12666690550182358,-0.039994751917120874,0.027192994028628403,0.011064364543465155,0.02610135989259521,0.01595747205211473,0.024570761740986935,-0.03564679921967162,-0.046030269394000456,0.13290359190297152,0.021677287456954186,0.027855365890026462,-0.005249124422431306,-0.10268945454458411,0.0025909223224314104,-0.0019076102868299527,-0.014310390456270583,0.01242090165658527,0.06755608936567126,-0.10053500039194163,0.03867275366663514,-0.05008048052571812,0.014016873124526708,0.013196085413092584,-0.020237391422984197,-0.004318826311813462,0.09119581946572852,0.05257674041140725,-0.015285740009567395,0.03957737456949939,-0.06670564524158451,0.014958485805504074
2012-08,0.09387719750438195,0.009335720369650025,-0.025356530431472568,0.09809650787853363,0.052737317725386035,-0.042231361443598736,0.0467751275870496,0.03618898757534095,0.04801328086234413,0.0016793083126533936,0.041059792674844386,0.09988615061155004,0.07296860793511395,0.01948653301426062,-0.048834958327970246,0.09593405165425217,0.03017759705705081,0.06607945115023184,0.06283036059606317,-0.01648637035062972,-0.048737248473763484,0.013069744971987873,0.03157977417134261,0.03166705798009062,-0.017007782474559363,-0.0253892446359939,0.012629576023194033,0.02044803883785229,0.06416629856391287,-0.008943156763130955,-0.028166767160958894,0.08855544544459515,0.044732792442575775,0.01330036171322968,0.04316723710818726,0.020499999186322837,-0.019311340417069833,0.1674172456691918,0.03173888833612848,-0.02225987568992327,0.014391898962761829,0.006715511916679073,-0.03341838058846314,-0.001927358856524286,0.08234209301852657,0.05237517632701083,0.09317584117092759,0.013355390665041655,0.1962380533093011,0.011713685319669098
2012-09,0.002795730541579111,0.025254541380408835,0.05759430378879582,0.1159995384333512,-0.034393167835711225,0.04486701079702682,-0.025164395235548365,-0.04918044181942305,-0.006002952498200154,0.041491785338896525,0.03229621581621922,0.022173017721194066,-0.05189045648398882,-0.0006909429069033024,0.01676580390502469,0.06621091057033057,0.02805913370552804,-0.05096430229858917,0.02457520334709895,-0.03034801824095612,0.061248107679359176,0.014692945089410214,0.05566646145083021,0.08992939711832881,0.02194904539122189,-0.0873941850002643,0.037415994621606385,0.004409076301136183,0.024368612817364577,-0.04214218618068599,-0.02521037889980282,0.1065144869214214,0.010942795191425825,0.008320215308454282,0.0068674781580526645,0.02339881943856792,0.016528574559709686,0.051728885499928046,0.03922982319811563,0.10421062560801975,0.029966015687992176,0.056801921594596294,0.0001544947649407824,0.10494579016072492,0.10131499792650955,0.0752933574446919,0.06378797065777753,0.022241139315282377,0.0010483827938319035,0.04753758917106299
2012-10,-0.10759987689829698,-0.05395086127881421,0.011751637626974842,0.04128744679858576,-0.040994551178972105,-0.003839457446756067,-0.037193154939753836,-0.10194899421387016,-0.010141243288703694,0.0008048870482235682,0.006467900762958001,-0.09485335515851445,0.06176737225710727,-0.038711616173835006,0.016272447671437096,0.012639972983575332,0.037906006241098966,0.026685600732892834,0.010647718701490616,0.02347342705462796,-0.009616127499669558,-0.02432658139684274,0.025733381205037098,0.03724911214185678,0.02771674092831633,-0.045454286000025435,0.049013570280449725,0.026100249029276545,-0.08426390830086672,-0.05276757240306873,0.01206924633264439,0.05549249787392285,0.06382473342202455,-0.00834333909237961,0.023518870658461477,-0.017271855623089305,0.01653139158327188,-0.04394536795328774,-0.054221468370433734,0.03601297011309712,-0.062012828684400945,-0.060443843931416996,0.01389091958922295,-0.07265511913099976,-0.09834322896794845,0.07661809770265471,0.0167305784545122,0.024937449788537736,-0.09544333668149074,-0.0030620154539591216
2012-11,-0.012374653727962204,0.011769033819258423,-0.029147474096777315,-0.029344177970828222,-0.05960952105333728,-0.010514981590167727,0.06675422101147155,0.005611793851806324,0.035392660975692936,0.015068771667734904,0.00852099749032198,0.13476741291697003,-0.031161069841119327,0.03408001734151389,-0.060409898645099935,-0.03451453611725275,0.040779259147943225,0.04912792029412527,-0.02874987635589299,0.006247587258774834,-0.011648348750328053,-0.01386284383595282,0.01876639567924654,-0.014395685529235425,-0.006683696607662104,-0.08591513071267032,0.01704383931413922,0.03104870474452337,0.08227061714183037,0.06267053843970771,0.06099615210005038,0.05794025793907753,0.046755391054853934,0.005070606362455488,-0.01573058756751622,0.05881776532702321,-0.03998963640111586,0.08007959680624288,-0.033006597329547804,-0.016268152813978864,0.043301556687546094,0.010993682243883418,-0.016331980575608918,0.0033240194892902863,0.026561614136071166,-0.03350307317836321,0.06489229157585563,0.008438180037402931,0.11078311914437178,-0.027181677550758288
2012-12,-0.09074276648759794,0.013442035041109524,-0.0669820739658592,0.13337316515464792,0.003380725858633582,0.006986222696061528,0.0632504977759265,0.02422682493147854,0.04122091976898479,0.0023982387015830664,-0.02778193725729705,0.033930916210006545,0.09618304376377518,-0.03239330152741349,-0.016991991947522322,0.0784466385838467,0.005935177210844689,0.04818477521691755,0.001217485990649969,0.008480065877978449,-0.019265602567060003,0.03544375730735072,0.005709374193217265,0.07035063468642067,0.00530582910322952,0.05365367507237773,0.08870267670281429,-0.029279425678805038,-0.004681612016455339,-0.09383441776937851,0.014539837777838738,0.178674440898569,0.0490762471260795,0.057322325960351916,0.0184405933747549,0.017267582283903682,-0.047367225443312844,0.06615059913776644,0.023180718227664654,0.033692628248209955,0.036244369948629895,0.01801425776378962,-0.0003130812684015716,0.0024392374815200846,0.012901687396825068,0.0829440546325515,-0.049484830933884894,0.03489326727808395,0.0391326486876753,-0.01803920665999914
2013-01,-0.14408918845120555,0.08026303713464356,0.056423792237053405,0.1950837493965929,0.027705228730578124,0.04133513361498187,0.04748060180353075,0.0,0.06572600140758933,0.09722614246997319,0.1160608005140773,0.046429484528416554,0.15111424139380358,0.1262624964743002,0.04466505511834784,0.05213103710926892,0.131075970790413,0.07774709149462922,0.017883322668073465,0.07541092139355299,0.019607371618358238,0.026291671615909618,0.08860517067884355,0.07739891835696211,0.0544937605237068,0.020368450622389567,0.003980932183227814,-0.008584667951396785,0.05831703073707506,0.13017348192938072,-0.019771872856339634,-0.02497856268326104,0.14305069952925176,0.09798039105100531,0.0001727931719026632,0.0365645579205609,0.025209061518259857,0.02397404708157236,0.06482326703937913,0.08840545758668372,0.07209337290759033,0.08214504110676657,0.07742923690503445,0.061458413031215686,0.06829406235086188,0.15914088508053092,0.08197218567657982,0.0751532342881236,0.04681905963065902,0.03951438364644555
2013-02,-0.025286296849700962,0.014520491659071322,-0.012023049637687966,-0.01096504706034962,0.021135108826837,0.0066951957371157444,0.011494546322338595,0.038962050338276155,-0.035764089141652966,0.0032990266076908803,0.01357126829719002,-0.018957182571874065,-0.01399079975723172,0.001279695815723736,0.017635097572883174,-0.1857435920152981,0.02301136942480486,0.04080969273471813,-0.03187849055386682,0.050144567994030886,0.06695736499166527,0.007177462950572533,0.02742415978001911,0.03974476818449846,0.03786223277555267,0.003061157613995835,0.03912237564369869,0.07709585030476496,-0.0046327380346018465,-0.04333230468671834,0.047704758496046606,-0.007058982414892556,0.014685707119735492,-0.06118466164967973,0.010517351339520253,-0.007618319413847829,0.011865229792685783,-0.016905884331805066,0.02528909885163788,-0.06623416148997285,0.02786568319508609,0.013177155038309296,0.01863179644602586,0.05071811420702099,0.060223307433744155,0.016291108978863322,0.023610547661057524,0.03327899824849956,0.01409805169949263,0.0016907289958867366
2013-03,0.002854652138612135,0.03952048858716917,0.04437240650474661,-0.025277296467575594,0.0291366698103237,0.08084081687555211,0.08354761751273232,0.013427807846240869,-0.05578290270485087,0.05443885875606713,0.011551670851173812,0.03828626779354982,0.08928584401679385,-0.03802139583960573,0.04243520460274386,0.1187966835012857,0.03845419864887001,0.030496616766111373,0.07450087965397922,0.03932224184566091,0.05630715920764939,0.0544473817454072,0.03896811350132445,-0.029844719409879317,0.07121278742767845,0.04597722866386267,0.10709740364784426,0.11971605828046927,0.00840050409375892,0.05525897993444362,0.11638501980303784,0.08459538047617077,0.07896254376801082,-0.05846086860866995,0.037100466402444576,0.04758614675893402,0.06404066526954111,0.056789769449562266,0.014255641629236093,-0.015282770336744522,0.009341870393115626,0.04048370918504118,0.04823083492973246,-0.004306763087210674,-0.00874932655248295,-0.01742723729802398,0.024287015193375394,0.07489266888443913,0.0019180137534151598,0.00625330581920136
2013-04,0.0002709560290941049,0.024575583102365517,0.06334879606241617,0.010091237079152826,0.15693839020199807,0.05599886590911818,0.07778328427510095,0.07326608053161698,0.013918733820905249,0.007276502681844876,0.003555978191526199,0.0683055191145383,-0.04126623209519342,-0.006142252518175684,0.027919724064503715,0.038978425307490294,0.05477832395242066,0.02855057123042659,0.04754420927952063,-0.0006984101244892349,0.10836459023965794,0.026763801048687696,-0.024828118952738842,0.03911600681118976,0.0453823975130101,0.09661154433058683,0.035845619413653385,0.016583340656925794,-0.047581509289708945,-0.11024516878465218,0.06476410294885016,0.01067337625654563,0.03744929054282142,-0.020192433324378145,0.005823890760689343,0.02186368732178612,0.03862135184640869,-0.08046743678153456,0.026847284062419208,0.03861353501302989,-0.019469013137905167,0.10633807582824795,0.035955303386094206,-0.03589960278256754,0.0382529116719621,-0.007339647560359319,0.05116102401694711,-0.02402083547630951,0.009048387880826958,-0.012429678705356828
2013-05,0.022419504682890556,-0.04712565847829275,-0.006383087691272049,0.16929985284503357,0.0617737864866299,-0.07003644862255864,-0.02725734136578517,0.056172761450543174,0.03050609583913988,-0.055486781751240666,-0.00013020417611186996,0.041303915459717455,0.1750328580825502,-0.018809758273544697,-0.08002832998010134,0.01338346752321029,0.09444719226928444,-0.008284946268692361,0.0450525104369488,0.007716537242623334,-0.10072379636184126,0.07607405949959123,-0.03165585858442399,0.1138544114784481,-0.00489505259167311,0.023329145031022236,-0.04813668801024118,-0.031052509439405962,0.06063589007672232,0.18053832555002614,0.08882233672133166,0.10966662966736296,0.04765530190368161,0.013346613396582274,0.025244648851653118,0.013889141401448368,-0.031280657934584344,0.029676649836810842,0.014178728564760767,-0.024524180722643618,0.014440437118607763,0.003819479804935355,-0.10042598030606864,0.04620883678099941,0.0565747752014667,0.11311135957839724,0.07239273367990351,0.07240596218933715,0.1529635495175765,0.023664327922617412
2013-06,-0.1182931257542017,0.02516377642953338,0.003781600367619875,-0.056756617441464874,-0.01031476395801445,0.07749262319054107,0.03276068426500811,-0.02971639515202673,-0.09088186268068266,0.028644622476746262,0.002996297714159324,0.03753585402094606,0.06898342444791439,-0.014535806011602759,0.005239248751517822,-0.02493137874076956,-0.03985566559580067,-0.02951863479788841,0.05011186730457973,0.006752257137410123,0.03836648760844796,0.017756096042239378,-0.07599700382270891,-0.032973017156003204,0.019957368726963187,-0.002060012216013485,0.06175720194132617,-0.01860134339199737,0.031537853678727856,-0.003459991361274395,0.03453842455288525,-0.05785986001237675,-0.07422475132850448,-0.03857838899019217,-0.01369412574542861,0.008574499086179133,-0.004676759956538934,-0.09803915472552205,-0.035927292780631115,-0.0614660725120445,0.02435164531802969,0.0011096258150016247,0.008516125093531501,0.0023676506775505146,0.010502615995346298,-0.06681886815273297,-0.010247570700661068,0.011215795309113208,0.009120871678807374,-0.0013263794104722004
2013-07,0.141225178859002,-0.00929304808084297,0.03702929687374956,0.1158084680832927,-0.0781703883038084,0.06296055354436869,-0.011934556663363183,0.02849026466678861,0.05742869979027998,0.05206627166813682,0.05080493424575394,0.08823082784254743,0.04050820076406714,0.1349432464360718,0.016088694782962154,0.16300083569244217,0.07656852785767776,0.13235426537378014,0.11255313535727929,0.003700142399231332,-0.007116266994981801,0.05403404558310654,0.08122966632709816,0.06339046798058035,0.08898196534099778,-0.03673070457959693,0.03775235632486584,0.09760780792988477,0.08473480201495254,-0.018726344515749505,0.025966488578798685,0.1353033591149264,0.09776096256566924,0.012098039766017088,0.08346926407825306,0.06195161127963278,0.04631486249342909,0.14588777881884152,0.06379951039883114,0.0224000641248856,0.06382303114835075,0.023752944080994487,0.05185221937406692,0.050883759193153466,0.008382730072914235,0.0844961799484163,0.020137173935098174,0.0458785522196159,0.05875097947376573,0.037631609429808366
2013-08,0.08376607861782248,-0.030156092035318327,-0.01826844286080498,-0.053289046071037016,0.05638692839099391,-0.06454878025336774,0.0017300887381681562,0.0266181074725631,-0.015147125203032408,-0.03489580130484771,-0.030012212798219973,-0.007984996169637437,-0.0522393328363544,-0.0009636834426915986,-0.061195778602877615,-0.05199461505583147,-0.025024570590119533,-0.02501311574686882,-0.01523672767792128,-0.0070148603654093256,-0.042441521863023746,-0.049153453360982424,-0.02334333984224235,-0.09330671707127713,-0.06886580023817435,-0.049054846363182136,-0.032360381108276104,0.010405297213082143,-0.06719341960283554,0.04989064419192668,-0.006726715257585725,-0.032876726512013676,-0.07073053314789057,-0.004462345885876018,0.022201681130066042,-0.044788480059352764,-0.057952668649776995,0.12297157461795494,-0.0354683679491864,0.006861739838977643,-0.02702701191286727,-0.0590873593877419,-0.06576687375781276,-0.05047191123829986,-0.04601497945912103,-0.06951171031866055,-0.05744679166053224,-0.0362759927757943,-0.08909749623579599,-0.06386747082124322
2013-09,-0.021488820734347325,0.01960610730320833,0.015840044666825426,0.0461958535146334,-0.0035929905162594977,-0.0024886398237349283,0.15631968131553542,0.054915112840306035,0.04111777086756763,0.01843331158098538,-0.029529061870475104,0.09146371262042985,0.01245204678783951,0.09167315363764916,-0.010572076752850212,0.12369329355208758,0.03909119816162421,0.054712762479302235,0.0019472847120374226,0.06765580551384653,-0.01498494496664049,0.005842197451946474,-0.020817267344390267,0.022956194587324674,0.003239912538518297,0.04276619155742978,0.13530051643079744,0.027354396281908278,0.11267707361206414,0.1252591123312765,0.13067732532175458,-0.021977070377805497,0.03956643646239044,0.010418978036178528,0.04841600366639298,0.02949863506866146,0.013428072800298674,0.056584503985177115,0.00888484855756455,-0.021002006137985085,0.058381105293922486,0.06016755978791033,0.017988071438805875,0.040362993773928935,0.034254291336785814,0.03996580322942744,0.02361715633652528,0.043608931154189845,0.0051480300597728235,-0.012849807985114037
2013-10,0.09638164253058346,0.003221644180102512,-0.05292975933634414,0.06789121201602621,0.06400225686455996,0.05725969676811715,0.04295175294196962,-0.023778845123223258,0.013608127037932904,0.0682216053872875,0.07661553643210617,0.05300750748801386,0.07142873589274878,0.06066081600592477,0.0056116398960324165,0.06235753330732541,0.061096136567834636,0.05237413841549454,-0.04678135515340209,0.07518855014422976,0.09454694626421989,0.033155980849227884,-0.010133360367471145,0.004444132725952565,0.0682895763468776,0.067626122258299,0.04389685510737973,0.03770532420789885,0.16437435865524108,0.05454999102750602,0.11063848735864057,0.012319362755418561,0.11155880983685429,0.006520440616752721,0.06549355582170002,0.02457249113135518,0.0377234035003331,0.027932888827612468,-0.012675379758085414,0.005528936672416274,0.03995973255957219,0.06357562103148529,0.0741239168257779,0.09418158718975556,0.1765818563000916,0.01674986864055339,0.02689486749970893,0.04443682878750099,-0.0300944903826853,0.04160855615797088
2013-11,0.07005271613401742,0.017197132698842044,0.1051233024464382,0.08945326032214584,0.08498105216228269,0.005823076055057275,0.04461437876980723,0.0325533048389226,0.053432591699802634,0.04189147211093758,0.04297228687667887,0.008295305365245254,0.08358626391574053,-0.05655167595270194,-0.006844250288154385,0.07324791212609028,0.0313971535882438,0.021620318409177885,0.0911224495811529,0.04857617214050691,-0.01762034617390129,0.03846278988270502,0.01799358408695939,0.11020600837089778,0.029271568648336466,-0.016624926259554473,0.04721500370634901,-0.013640796088731033,0.08128449973110707,-0.015408343154956317,0.03248444698491393,0.13242677723930307,0.01197601729451625,0.01487594054901642,-0.007227270071286651,0.06566399116383548,0.05550455944489552,-0.02380068954516268,0.029244811946399496,0.029325562410779105,0.037592006147189494,0.028429807894552184,-0.013952268582997585,0.01989299976271197,0.028149313607790827,0.05367902580643147,0.03569127897407842,0.025728313761871346,-0.05806776161812022,0.05016775868916068
2013-12,0.008901524040092035,-0.0034917466047383883,0.013524982402593144,0.0019173177692211052,-0.01888260402034858,0.01217592894539421,-0.0032048453614312855,0.026923185713499498,0.08415957551657693,-0.03466758561176353,-0.03336531656974129,-0.037686956119248216,0.06209107197782249,0.02273381052001855,0.011813608737786918,0.049664675752672416,0.10575372935948879,0.021162648518135985,0.014863748189613668,0.02637225107953478,-0.00967354222482164,0.031349334963401754,0.015531872470069041,0.022020021804820544,-0.03243222029349002,0.08892598676353947,0.054596730459048226,0.0,0.013134548857432149,0.18774831725001406,0.016685313548887137,-0.015169115434866987,0.04531813186036815,0.07340363003475647,-0.029533491198637574,-0.05110447058445844,-0.022983804564094656,0.059512382015622256,0.020173326516382373,0.09026655139125728,0.03242193928468429,0.09644479044549992,-0.013578975022207507,0.05989447884571519,0.057682647817315136,0.04924777514178991,0.02571683425748139,0.03231257582256575,0.05552911764224966,0.08258451790731347
2014-01,-0.10769627249137337,-0.02947567214337854,0.05834164791702756,-0.057428296514285715,0.011493965447951338,0.07369786150197677,-0.07362649037049862,-0.019975038403670098,-0.032477750869504995,-0.007509216490873993,-0.05171822783122759,-0.092741513596444,-0.04538404383844041,-0.02818735671223571,0.015756977456395482,-0.027621367073462855,0.03403694367559407,-0.02758843847129666,-0.040106793633090776,-0.09373807421832492,-0.012172321366333394,-0.0013214475944783866,0.059019426544264064,-0.04715981376007017,-0.03406474010736438,-0.05469934129283105,-0.011523086658287718,0.042689414848531504,-0.10055422587303797,0.03328255743335107,-0.08227696807742169,0.0757866793857318,-0.05055771932879993,0.04089596999947309,-0.08067883104421236,-0.05595686030548319,-0.050959727769726126,0.09675678670593246,-0.1063168541454883,-0.05879805023656759,-0.03639893318514431,-0.04960740424335275,0.023329952459729908,-0.1034605784933037,0.05376951634932037,-0.07412812861496054,-0.06667509566657914,-0.0015321666117782407,-0.015722607045747128,-0.08932816538922228
2014-02,0.05751122406385201,0.019014494765241752,0.07589225006217526,0.04371382296759818,0.02001260206755262,0.0020535144984108467,0.07811072138871444,0.17598680965441948,0.05989129714897956,0.06505819491963094,0.026625071114866783,0.001525574796001239,0.0707523717224885,0.06673476993364535,0.026915614525014897,0.05153844737277069,0.08163972514737261,0.06037742658875689,0.06903741647693229,0.012799544887466485,-0.009162891182146193,0.030726107870489905,0.11369563972049912,0.02637235977359098,0.04874961759785612,0.01858567239842923,0.1594863802285893,0.04793659116489102,0.00950680554806671,0.12920953171324512,0.03502392555906786,-0.01313447276877322,0.014543675043726223,0.032584047954323125,0.034812242855890796,0.04232600532880615,0.0002678645257692125,0.030398096020804788,0.04232212025715043,-0.00034887594171506553,0.028229030909738162,0.1129323333399943,0.014783166992702768,0.022385147325060917,0.02936563278337445,0.017620082748098564,0.06740456031810105,0.04017814838814204,-0.005020652024899652,0.05199496110460111
2014-03,0.019952342446091675,0.030267915710292526,0.003914618909983458,0.012012924574736905,0.06995580001460189,0.04628505617258982,-0.05670491888233131,-0.025571436348751364,0.04602404217998446,0.00031120474278512056,0.024662859605939058,0.03410383591838051,0.030931691552645413,0.04838703805878031,0.03754457200228822,-0.04217907415369049,-0.03338053087873816,0.048932569805833825,0.06491796189796051,0.016811253381847857,-0.00021032796495523698,0.07152157216890265,-0.012581705006259325,0.06846181256415962,0.06632675609021832,0.04240792252648573,-0.04210985728262584,-0.005483098703454536,-0.07105766671997338,0.04838659957972413,-0.026605734710510642,0.041154563192802085,0.03814520806209032,0.024749935456360728,0.05789485642047132,-0.04383596384535171,0.02976070579313439,-0.08465613391032067,0.031041630999870007,0.06281058294397113,-0.018160174021420117,-0.009157310307982836,0.004796571109144665,0.016490032871756766,-0.08319831614869588,-0.015620083367576254,-0.02980469545139597,-0.017789029228546305,0.028440256416950804,0.014646221244626556
2014-04,0.09939625336019597,0.03417351984966199,0.03153138802640476,-0.004443786279362039,-0.014393843784079374,0.044237738755913414,-0.012320502330533833,0.03126734515489615,0.0022460219785225277,-0.026151665632757615,0.03237683685753767,-0.0376122267277571,-0.02854011944070911,0.041538619630067775,0.043012679355321826,-0.03106138610687781,-0.051896357813284166,-0.029979651347858183,-0.08476612475249945,0.011501601322573274,-0.006717996881470123,-0.0020106341444280362,0.00407766719715541,-0.07209961896517714,0.031151544965264844,0.03409478497481988,-0.06160631835512387,-0.09396739000319565,-0.09584686004505916,-0.014128598046248109,0.028129857338633713,-0.11976725259322885,-0.04286457983694847,0.06692750752611976,0.05629009315836919,0.03581676327841077,0.042915033009824466,-0.0952880541711355,0.055587963788474415,0.027973566646479764,-0.0216000605816401,-0.009117000410218346,0.04591422265837686,0.03862475863040582,-0.04111202326823493,-0.024595357021054864,0.004802508315469467,0.0015093555049647822,0.03958646855252135,0.048423213874379645
2014-05,0.07870952115467111,0.008557675986745839,-0.011953911894182379,-0.002263174911089516,0.020515550487471668,-0.017622313331759232,0.05761173307870493,0.03343333517781577,0.02788696771784238,-0.04430668176839614,-0.021320612498357927,0.04091615435279827,-0.048264372799368904,0.02451998729800997,-0.03366040585192154,0.11022823913420021,0.02552640174817644,0.033663281528977906,0.061167338392086545,0.061589800669785255,0.06912070795274428,0.030311230754394902,0.02128111589922077,-0.007324160113931222,0.008658959948847134,0.03240018577217052,0.04619877374392489,0.04363949520175514,0.027685498010651566,0.11291343498454753,0.05416920740989095,0.0,0.012957057063121669,-0.030075821168025874,0.08529790200877319,0.006010196546610391,-0.030921149514801738,0.0189738642484103,-0.013399073584176913,-0.023248273999331603,0.068819567356319,0.058860338135086065,-0.03528620114474912,-0.003718865190424414,0.06874438217194401,0.003348385263466147,0.009055382933366829,0.007625378893628909,0.0653393713766186,-0.011692355882764294
2014-06,0.027662273199310805,-0.006802798473316218,0.007364257014633724,0.04763473111927108,0.018563932307079867,0.05258888181022359,0.008321768113625394,-0.024210534645212944,-0.035459759917912614,0.0016875535140914444,-0.027231239863403478,0.056526100946685975,0.06822720378265856,0.13807388377147478,0.0365458873488429,0.01540902888851936,0.010584392313699453,0.017241093564880794,0.03144761573235888,-0.01174444057899382,-0.020616432191262635,0.035053408304938305,0.03859010706372512,0.036890617796851766,0.031144967420099867,0.13103929699062755,0.12116516244025721,0.02051917762200084,0.03912978764810626,0.024000109367953826,-0.05929757663541102,0.015844500802592032,0.05476339103858674,0.06299571567488438,0.07242944972170506,-0.007412506826498078,-0.022144120113208432,0.1035530377149747,0.06319744742753608,-0.00018955807866849472,0.005093807139715523,0.020593038543556208,0.043753790394935654,-0.010944813984785862,0.022776196555358785,0.047743876170991406,0.015000143493260287,-0.002146313218719942,0.009342164557018418,0.0014917595236205727
2014-07,0.028730993163113228,-0.061346341774694224,-0.01918814006339753,0.0033428826645369725,0.035011608016638496,-0.08382156564931864,-0.005416156803750294,-0.056095352185117076,-0.0005532020091919554,-0.024487765535560757,-0.008300640101900014,0.003876955586408437,0.030449633973341328,-0.08105141610499045,-0.034635204214352844,-0.03384278607417546,0.029660744109302417,-0.026053651993874105,-0.008562994252167,-0.0542565733683652,0.04154709314745042,-0.03158285656283788,-0.017854129959943288,0.007864693484659124,-0.04329906081695056,0.09676364854420383,-0.04297955478329085,0.07620149952541477,-0.03630152199112202,-0.03732477033688819,-0.05305357551450507,-0.007807148936197161,-0.0465269090134216,-0.0670192096674117,-0.029504003057820305,0.023761162165600647,-0.019848149760789635,-0.06594357556885111,-0.010034406348189417,-0.06007776063213566,-0.06160324769102832,0.0016327120358330394,-0.027766428571011526,-0.042998610974946394,-0.008756977110131792,0.0324300689783219,-0.0013590376094033685,-0.01204986754770121,0.02304188104782523,-0.01728236758521373
2014-08,0.0775087463476003,-0.0003281478277638028,0.05939398855711686,0.060915331503218706,0.05916926753325047,0.056487145830026675,0.02148519958436812,0.11634544851338435,0.028225096037553632,0.024042274330460023,0.07488408608933006,0.00504415787863377,0.02963999493172431,0.015218750455780805,0.025640911710304914,0.015175773774314782,-0.010617201197421822,0.04172988708937986,0.06946362987683741,0.009472096292479915,-0.011899684262036692,0.017676392711954536,0.04932121502966669,0.03086492996622381,0.0433771199386952,0.037246754181159414,0.038267170048792876,0.09938763729464539,0.08322948209259295,0.1831938644850295,0.05883079999803642,0.055081974375986054,0.09097753117741592,0.08258108732729852,-0.015515339605925327,0.030117166964662934,0.03285446849835738,0.08921661241735968,0.010137867486994523,-0.01198437947653408,0.036951775122714636,0.04657668618551347,0.03733985587457611,0.03300193297985765,0.004848480424103574,0.03930934205904779,0.1564627142824413,0.04194673872931198,-0.009512263570684576,0.012258426315491233
2014-09,-0.017073046013198145,0.011630730386022803,-0.006614425853555317,0.007577950343276019,0.02047091744110996,-0.04641986307768775,0.1355830035375989,-0.051413942747612795,-0.0782566535333884,0.006124458010960954,0.007579902880574529,-0.03020194530552478,0.03086639052985185,-0.07251001525897538,-0.016891660078670268,0.040921861716528785,0.013625068778147842,-0.010170507383944427,-0.0007294951230280011,0.009862990621053447,0.0034120810006283975,0.00835909950067748,0.020295982743369523,0.013288520554954442,0.027571503529778774,-0.0028635534447449817,-0.037691224297085046,0.007748952536754006,-0.04896177089087994,0.0636841889554407,0.004573879667267411,0.06293095760968637,-0.006685708003088764,-0.09205127023996229,-0.057867243680395974,0.03501836954078352,0.012847238147043694,-0.026400437732080895,-0.07825386376080579,-0.017884231205549828,-0.006940602333801227,-0.009457196781743615,0.010541872524067353,-0.005528402246992137,0.010388692957574941,0.02490101491422636,-0.013866607737046732,-0.022157018860654687,0.01487922983493184,-0.054394138692568816
2014-10,0.0719602044649621,-0.011391544453708047,-0.022604547174857936,0.013943018398903995,0.012726634206677634,0.06753318649606155,0.04226471191560255,0.059078725525418596,0.023272438763576986,0.012850596840802586,0.050146919517369604,0.0013253636134786806,-0.024498441529526738,-0.029796408214551318,0.07423410081808068,0.07140342933526234,-0.03393575000215976,0.04866020506391999,0.10156511357966758,0.06735196402306354,0.01645412709228644,0.023520220653428403,0.02282165976351891,0.010748392225078396,0.011164108649314386,-0.023262823248277886,0.013441252671776649,0.15463483983637238,-0.05266095960625472,-0.008621060192568142,-0.019390759546839442,0.006451748673650837,0.03895552500927946,0.03183376094119894,-0.047782510091941344,0.06423530841000025,-0.0026154621615270823,0.11228935934641693,0.005279717506691872,0.04329812903946495,0.05817323275953501,0.02639579230360445,0.098703233936696,0.007415759522240384,-0.03490756827539765,0.034973115761001594,0.06300435327195553,0.032216963539292376,-0.027810851564273098,0.02828356761252615
2014-11,0.10597846238364883,0.04199130477139157,0.04245775778709482,0.006580821036612727,0.02474019659447113,0.04897616307313757,0.0679787104106746,0.07772464802915802,0.08604350385672244,0.049074820219503046,0.0362100259433531,0.07921433317461735,-0.010128116786803587,-0.12882624524795971,0.023079993060777904,0.036356996700898314,0.09968506979073699,0.0958521676994819,0.0381014251114431,0.054258203355967316,0.006766435542748583,0.03296885413585282,0.03445719358430166,-0.005290900516925823,0.010902025745925803,0.10244777312433606,0.050770071579429255,0.023193695637837353,0.10862302551854675,0.0828984349547146,0.08193071129058183,-0.006993101838652538,0.05268103204699237,-0.007987319788106406,-0.08426921390746633,0.0683745013493069,0.14776468342065696,-0.06438505481530232,-0.08395427502071828,0.01262564639847863,0.03930316584487836,0.012365930821989446,-0.005653258425275864,0.02634656472367025,-0.03308856797159432,-0.005149944919836669,0.01927808243117024,0.0362513767009216,0.12954595948486736,-0.05704009391403053
2014-12,-0.07189105092401038,-0.03212452995424331,-0.05266061533541255,0.10289927433261004,-0.02844613349922831,0.01820110091491456,-0.02883990699005079,-0.043871777281197066,0.060363122811343706,0.0,0.0072986418627518646,0.010343919435717996,0.0660313027803836,-0.0016366406155410296,0.03542080250177859,-0.047935124485344316,-0.029795265996580778,-0.017457155491693577,0.028806458363943133,0.01137153886139708,-0.07531147688739492,0.006240651960522259,0.01277121027637107,0.04022608173624875,-0.033995192196654145,-0.025771867979908936,-0.013300805549328332,-0.0364163497831953,-0.08354000408234807,0.08086780585472919,-0.03259867843792108,0.05295257105946827,0.0011479987098292899,-0.09015916509593191,0.045255179009219715,-0.002603740264653265,-0.013481950721397684,-0.009353692787846257,0.030403033688167547,0.02819389527601812,0.026909588457289635,0.031100883098586385,0.032632922540551945,-0.037074022578819754,-0.03354688100775771,0.02876727913297339,0.06107959056431067,0.008579705878851707,0.0065121889235444375,0.021095874672883763
2015-01,0.061424215108372815,-0.013447221549006905,0.06145451931945689,-0.12608684672172044,-0.13024729167292326,0.02775427045583645,-0.04056176998081795,-0.04239434356340088,-0.06596193179341459,0.0032104315176477716,-0.06807048658016956,0.06678789136123542,-0.1394502787850973,-0.035358592247379805,0.03278353603618789,0.005169788011981424,-0.0006383245684755678,0.005863383371317754,0.051043587550188674,-0.11091099818442851,-0.011313430079467834,-0.05290023802945032,0.04363011430065944,-0.1254425925063697,-0.04236395020173478,-0.08955644824293274,-0.03535075381989217,-0.04413308954872386,0.14235538228773414,0.022765443496427507,0.11840265984444653,-0.1531584374588516,-0.04768417131375158,-0.11913281818446086,-0.08803943198931252,0.008747931711299284,-0.01047974827856235,-0.04822116015902056,-0.08602272794846544,-0.037074571102521436,-0.038851673825967215,-0.034292366619051884,0.043093025055705336,-0.05460994227932836,0.012983782448584114,-0.11050937165610719,-0.005239411428810126,-0.021617028034194297,-0.04560237436268533,-0.054408216078168814
2015-02,0.10077695332245429,0.0791804803038616,-0.02886559526268051,0.058562805035656806,0.09312009329695692,-0.04598627905178321,0.05584461493371551,0.15338265674246698,0.04607294811598339,0.10792794552917861,0.009966083798614633,0.07198986208018976,0.13178979630263887,0.0274454600056111,-0.0872063660800847,0.1563749196747235,0.038255454322223104,0.10009347458596363,0.06945879376821917,0.03661307676562031,0.08182060305414107,0.06223307888450136,-0.018455679239299916,0.12688517983850467,0.03083255417394337,0.01357455270603558,0.12790534110944862,0.0413434984566563,0.07229288887602481,0.24047446526550043,0.04411507562613548,0.043564477763020415,0.09077515488339816,0.036638336318270515,0.046503817623847254,0.06436376233890506,-0.012356095033981718,0.22905231264064718,0.05069810354035309,0.06350480138199432,0.05948039956607731,0.1442392233599239,-0.0899827453327805,0.09790312945299218,0.04665613435565441,0.10426223081976227,0.09892717535529139,0.05659335489162043,0.11907479391318332,0.020435430998508197
2015-03,-0.03137169169205534,-0.014762278091120629,-0.01016134962772286,-0.0027943570050917854,-0.07274784661596279,0.005702552640344027,0.03305215271030337,-0.05122407436366461,-0.015289376431901203,0.013694932073238242,-0.0374723395642943,0.012942707424614452,0.0374916602441282,-0.008555242055892975,-0.032976489035586254,0.002909889382198383,0.03459817008923616,-0.027380852949908552,0.044493378380178195,-0.04708529345649182,-0.016582470367352498,-0.007118266879481583,0.03534293093599983,-0.011422916059476873,-0.018632266710665646,-0.05954901145217262,-0.06523383226616652,0.013505260647125983,-0.021201593551299025,-0.0020771427747166005,-0.005104543722066368,-0.023521407143971107,-0.009243118411133455,-0.034620039148549386,-0.045092136004405425,0.030892393713487953,-0.014130136259248083,-0.03704237220431239,-0.015935271366897985,-0.02547522969465188,-0.025738212310382758,0.007782419731746204,-0.02253320683111959,-0.04540188405411372,-0.014094577371181582,-0.009589574581762683,-0.004839908809193716,0.014885942942979513,-0.05995653682240354,-0.03998165224082839
2015-04,0.005786279370524339,-0.009133633142102027,0.036186137872666224,0.04964050092809136,0.19626142529395363,-0.029985147500899423,-0.014850920265399914,0.06067863992975808,0.014435765155926372,-0.02471991668478357,-0.021850815293690817,0.04709603478577584,0.00197100339742895,0.13386854932513725,0.00045136333926665273,0.008703928860769539,-0.06446379810492653,-0.04627076881555736,-0.05824674965870791,0.03703339333684763,0.048928640171266524,0.01286739956191063,-0.010736320505740027,0.051179589797960334,-0.013916753267613324,0.04093380529470192,0.028671829147794314,-0.01213649674170758,0.13351256225666064,-0.07954048393296187,-0.04490934394308843,0.03508759568226871,-0.005193417167146053,0.0945902906518925,0.09090930489227378,-0.05319176958471783,-0.0510641716005279,0.08995662332861931,0.05791594064855077,0.032272315361411064,-0.035571167157834704,0.036514494979288825,0.010289030662660625,0.09149504374108064,-0.01069045469708596,0.04495419515279009,-0.05835736457250773,-0.03249873794089231,0.04722146232912694,0.02788242166657473
2015-05,0.04533914243587511,0.0022129475781857977,0.022330577137526175,0.023854456490981946,-0.030334395582450102,0.02175676523939285,0.03143996116342129,0.001460624721109527,-0.0029804436236030574,0.03264164061105013,-0.014086638833937348,0.05133756210623397,0.039700306580078504,-0.040587322063348474,-0.0012680819987552772,-0.0021917872905483637,0.03142905012368091,0.03154401771282478,0.07908391318826191,-0.005731442996861902,-0.019825265961930794,0.02248985412859228,0.10540741214043536,0.039835536198878696,0.01683712319901698,0.06633440819502479,0.03983695604200732,-0.005571000838378026,0.017663210846626143,0.26685488090653675,-0.013391075632266825,0.035781531721303494,0.0050554722612232705,-0.017955214587426105,-0.051796626325554485,-0.0032159825142435983,-0.04242472597480329,-0.0009613503767583742,-0.0633320629521602,0.034909597158877315,0.05422592459257469,0.015176763868189003,-0.013441023920009898,0.007016420869962348,-0.0062867638452415164,0.05301386354875137,0.04150273586042186,0.037534606566024475,0.016649206903875946,-0.01677158580229854
2015-06,-0.0372275517256595,-0.008964913328902036,-0.057923470217987605,0.015444966004500404,-0.05783162793157237,-0.04211410426759776,0.06245741465422339,-0.09127878670362455,-0.07335005464859634,-0.035107771616222916,-0.0019131230276333566,0.031947864765199174,0.03159570380450338,-0.04519764277297578,-0.04097052280635616,-0.03180743992064461,0.0021578095665526487,-0.07886308617798188,0.019189391062294447,-0.023281470704342166,-0.057240966113482394,0.005003500995977017,0.05817497559234397,0.03010061102882844,-0.026762513815528854,-0.1172370727305867,0.024276215542318846,-0.017535033948529843,0.011322602269977278,-0.09971275771169208,-0.012809612742118559,0.03460875409624409,-0.048332777316350106,-0.005860559591937431,-0.035647326195591966,-0.052809149952497636,-0.04497107850088944,-0.04288664761127858,-0.0633980900719231,0.042628661609972696,-0.00689297728134719,0.034157571648062435,-0.06747662809573018,-0.01738153124050046,-0.009682427548600492,0.012609889031689692,0.0026948839549607584,-0.021401563160979187,-0.06311835800641052,-0.02347413700410128
2015-07,-0.03292671914118639,0.0503839323553088,0.035657623758338586,0.005130314013474857,0.05775744303404173,0.07314063165031048,0.06665420304617808,-0.007955836688202433,-0.005236410468757224,0.0754550994501908,-0.011655804001309167,0.08038007047097118,0.06830034628166448,-0.03909988640191542,0.06754195860919476,0.012941848191354577,0.07529278937322648,-0.023069786275183746,-0.004918015050564661,0.056237736499119784,0.015684570204169912,0.028982719039343907,0.01221722936848324,0.017973830170939786,0.02821678789974169,-0.04832385949628737,0.012097218882812122,0.1502736522260566,0.23511256164533667,-0.05860241128033672,0.039287777272575486,0.05052881478957838,-0.02792046668215209,-0.06441848213535939,-0.1692528208002353,0.0758182847180573,0.01480324717660264,0.05270716324184721,-0.08282365322504859,-0.02555345594444236,0.06975118733880326,0.057455188181668726,0.05097700829904239,-0.017689062048866777,0.2175024774268206,-0.01781695226387081,0.05309120334731143,0.030205015591996176,0.042935728585312694,-0.04795682330395057
2015-08,-0.06619612439588929,-0.04008526502777676,-0.08666889549670953,-0.11302782800213906,-0.061948760825801585,-0.05732199247405578,-0.03011636808703222,0.1315578724596953,-0.07135680117687504,-0.09950694485560929,-0.07861810034407835,-0.05298016234353786,-0.12752727152391485,-0.05962351867208737,-0.01806113827010203,-0.043509825540047786,-0.10148346097007532,-0.0428172058655415,-0.04695197890440361,-0.03919255324803128,-0.016670624588864147,-0.07243555654559275,-0.019692382539707065,-0.06464324706260804,-0.054994865551230676,-0.005972683678349688,-0.041712382705849205,-0.13649659846246054,-0.04338338414259957,0.006632898876865356,-0.08778708898078669,-0.08612945563704077,-0.09430441134215362,-0.027851877868447672,-0.023639273454411636,-0.03348189690124781,-0.0945820484506692,-0.053751662211045104,-0.07311844472635565,-0.1352441205309478,-0.049585163922138076,-0.15099999479359194,-0.03401212569963419,-0.04904238449973153,-0.014722473339954467,-0.07714361969145511,-0.004870908073190905,-0.05039279760728732,-0.08937368725395034,-0.04123230862009297
2015-09,-0.02181616539643816,0.03693995052140209,-0.07492585992383638,-0.08563162175415495,0.01700365214629751,-0.008738776806960669,0.10319312435567118,0.09652996680200188,-0.026152686529230973,-0.02513967030327846,0.017971247794421608,0.0389325519905781,-0.05990772428066593,-0.10856920394667313,0.0297164576463933,-0.10815545496091605,-0.023446871437175054,0.03511690769051623,0.0070164782597750275,0.010650160524091845,-0.05433567556721386,-0.03712722368076515,0.0162724968824437,-0.04882967787785819,-0.006703827491180148,0.05606174356368099,0.04645540969907058,-0.08868092807586025,-0.0019497803810220038,-0.004509231161906935,0.0020662204495105474,-0.04344192706204375,-0.01653085933679377,-0.14495030173254386,-0.02421129528587318,0.032274435462243733,0.0016992815991252463,0.0010091954874831277,-0.026052692910622732,-0.08791446065321384,-0.019208419788433018,0.0031409337650869507,0.014525419774573667,0.025209704026970536,-0.01458736047472764,-0.07868510376827942,-0.0032793591221385032,-0.046137001743006834,0.01429728143630915,-0.011828607849852957
2015-10,0.08340900256465877,0.13924726812444121,0.10670089025239493,0.05156109150958432,0.18933596020049914,0.05238354309901094,0.06554445018455479,0.15091280288441244,0.07957872263379273,0.07672711558596679,0.0712603406256993,0.10080922681898774,0.06862715319594392,0.13324625643773635,0.008948454728151756,0.07098292284665897,0.06951256696911279,0.15289479713529208,0.015257210182463732,0.043874889421491536,0.09144960874325725,0.054332603399947166,-0.025331649691692437,0.06140011689446978,0.08227063870857498,0.12342383438273297,0.07832646978585367,0.14357955142760326,0.2227236546930227,-0.01503926986223647,0.13073689135657363,0.07702175497126218,0.18321231341097777,0.12921818178376232,0.1274283832729668,0.09372594729864248,-0.11721142013711983,0.1192570256361769,0.1521298966498903,0.054054365063712195,0.09505944283284173,0.11291576378108714,-0.0065331962937913435,0.14670910723171304,0.15511362051358812,0.07907458627339703,0.07056880319940406,0.09071711739212507,0.10791087402018085,0.11284424927801617
2015-11,-0.005804814379578582,0.02498957826599213,-0.030186403272344786,0.040339335540995114,0.039443897358331315,-0.019763489115530275,0.009539833583103396,0.12232860303220461,0.0033473507477570497,-0.023225848316317244,-0.02016258134016935,-0.01568217491176338,0.10663097903785168,-0.006498694731311705,-0.000362523523489644,0.044901378847472584,0.05826606124342537,0.02468258595136441,-0.043046460817661836,0.00691692463057203,-0.030503633345290715,0.024727635588439156,0.012138585977079952,0.03782116168633043,0.00946592140177116,0.03410909913094651,0.03158126896807145,0.023615444258998863,0.06215055431957639,0.059449587851849506,-0.011620916238713863,0.03873669031049687,0.03338281594505066,-0.0046578919486552905,0.01312107457831102,0.023508824934106,0.02795214256857359,0.0254792952023708,0.0171137967749877,0.02012787524603188,0.033008046540019764,-0.0023736169281534103,-0.04026053438664112,0.03526965999201015,0.03452751909316709,0.01691030446465147,0.08282117418182655,0.012337597973643755,-0.05545981489168028,-0.004449023121513074
2015-12,-0.11022797969887288,0.034863118671635274,0.005026603231844007,-0.07259479611293074,0.02079132312327392,0.04035601226755525,-0.05274409570729677,0.03909177074105474,-0.06261249737498964,-0.014952571740001308,0.061063904458550144,-0.022153762396710408,-0.02313894645934611,-0.09591654990588183,0.05051635648237274,0.021872293874272586,0.026067049045235935,-0.05695099889919397,0.04824878980363123,-0.06581888520306556,0.016941904675598307,-0.01342996176444533,0.027059858426724315,-0.009748197615635279,0.01461902453892705,-0.00920335611226386,0.02711571596062501,0.007634936821775629,0.01668161062386253,0.11611463474186712,-0.005912405301091828,-0.03170508703053465,-0.05813993497372594,-0.06455608031190829,-0.1361703246577669,0.0004954247457236161,0.050534895255696766,-0.016187785579089065,-0.014892449887785486,-0.034039253390104496,-0.03503057529098963,-0.06800420543001451,0.0535712404536659,0.048196628791916885,0.01987260694330173,-0.05152106310238924,-0.007802530865154367,-0.003655706216984189,-0.0033025294995279175,-0.045432073862427313
2016-01,-0.07524248219523388,0.04774036447033114,-0.040704758005575825,-0.1816031189987397,-0.007029700616937529,0.0752723487989988,-0.007839899961558539,-0.11134687964424161,-0.0019244021786058996,-0.055452368041372546,0.03767792086130273,0.012327507710891972,-0.2247189382314515,0.03612857987875806,0.04552280491391958,-0.13755365703675848,-0.06901747019084414,-0.027003065251230973,-0.021081223896549317,-0.03148727229363635,0.09443134690135402,-0.07597494511352554,-0.06123855631338315,-0.09284912192559669,0.016744287014977877,-0.0995645081269072,-0.05120294936109304,-0.05913843922738782,-0.13151543200295746,-0.07881492020934144,-0.16916819805840277,-0.15983361697408827,-0.07711735828709843,-0.07270058310961258,-0.1629899548409327,-0.06427218632058973,0.08254472915608702,-0.1318877902916249,-0.03879508294489453,0.009702432510252379,-0.0670757620358603,-0.08812313895053547,0.05476955493746405,-0.06581104563509099,-0.0214136111729345,-0.10358973105788138,-0.049073550856323256,-0.0035725716715055977,-0.11725413517328387,-0.0012832336051619153
2016-02,-0.0012875932965815684,-0.046067546769549605,-0.009078043086194643,-0.04559525481248583,-0.06978875419148733,0.017560116540454196,-0.006773124564802724,0.0745731262691911,0.012944211045524234,-0.017110971358585414,-0.017137695232417816,-0.03899578714817342,-0.016272766479948908,-0.0003485308250781305,-0.004138254831780874,0.05978190732054989,-0.021732043510743204,0.0017001935177298755,0.034213149365648565,0.04423038759435771,0.015209082815679231,-0.05866817352470266,-0.08342091960480702,-0.053782032256123546,0.014672999808773568,-0.03770335294529992,-0.04465382980123944,-0.0619438934081874,-0.0587393835904203,0.001944351129843147,-0.00712883015817789,-0.11456836441520069,-0.007318779244332663,0.08772460414914307,-0.12759579426444423,-0.004521140662923195,-0.00030167645024470335,-0.004554758792513436,-0.022802178785574334,0.04116325735247606,0.030236463799415247,-0.003130942052045893,-0.003126232654969474,0.009390912811456431,-0.05796290224721423,-0.07044053124663974,-0.013040886537568297,-0.012338505453896698,0.1004623584000035,0.03888838905526937
2016-03,0.12721103200887995,0.07244633561024183,0.06299326760565527,0.012550812789464016,0.08549467078100581,0.04892773451462307,0.0006245611708683985,0.136160605449831,0.11228929173201774,-0.0010107181473666405,0.025158532383659615,0.02559707366756414,0.11856298135100363,0.028304583927656557,0.07368192257464079,0.10296422061195454,0.09717555861583649,0.08298757230155096,0.08675048566223253,0.09238715860767077,0.06603589699841539,0.0306907900749529,0.00013928515180872125,0.05186539711310778,0.02841954669068736,0.09327467834268677,0.1015854535627927,0.053767150875152714,0.07442263797657822,0.1570617731056012,0.07412423577535976,0.08398110401793302,0.09941653964022978,0.13057645019372477,0.1903638347480372,0.050323254270022266,0.04005221925616698,0.08974169412818633,0.143337299341046,-0.03254513767800504,0.06441428978588659,0.039677497930484806,0.0861604862476486,0.09094067345307932,0.06369048289383428,0.049823026545297466,0.08091954293745718,0.10557433885936529,0.08747120799166774,0.04291938840725029
2016-04,-0.13992130173884465,0.006445189112620708,0.03647691898771188,0.08789011509419842,-0.09704864191057228,-0.006422472896715048,-0.04115814259012629,-0.002806498908158539,-0.022034299705559368,0.1035758540739482,-0.018632800654307835,-0.05812395225295497,0.013918633768222888,0.08935564761182446,-0.03150962000467061,0.07951116388760959,0.018786420896067524,-0.0002779102374418363,0.02156686528698093,-0.003792355999984842,-0.048119108497731156,0.033498922902789996,0.04888165407675471,0.07510790772388831,0.03585960983960246,-0.0639874577317796,0.004477592273782305,0.05582589179907349,0.11109428941783261,-0.05663399688262405,0.06191888523708866,0.07692303631524533,0.046275056784263136,0.025317559739124862,0.18673927547237046,-0.05718928315353278,-0.023653019911326845,0.0266829484702098,0.07106906337768626,0.09247978786800237,0.019924203633957083,0.03977445625018183,-0.023549568223037776,-0.03271502453446673,-0.07211947751024328,0.04541989519445355,0.00344749183509796,0.019812858107849163,-0.02559158450005672,0.057542704745090933
2016-05,0.07177323348168163,-0.03502229386744515,0.025893549182987474,0.011455971127998676,0.07019658353861491,0.029119770371820897,-0.06311521136352294,0.31836003592538775,0.008529797891844604,0.07033784653636932,0.011482560728984348,-0.020415295961349056,0.07907807799617328,-0.04414933566179291,-0.00206762128624427,0.049892538376464346,0.05213216029442003,0.06241221591458279,0.015112405396026984,-0.011317503233399417,-0.0007850981280310698,0.02257731322957368,1.401717670801439e-05,0.03275314586513067,0.012621144571030252,0.05227431514482195,0.055720653067094394,0.004358272202019009,0.09581709440582009,0.05907331061811205,-0.05653551447796534,0.015796519585968616,0.02110388363765292,-0.06703543268091217,-0.07843743304194994,0.004320449510079261,0.06622144114631756,0.1043533357442672,-0.0010993269163674935,-0.021638840070298815,0.016640781284196438,-0.03912445145352694,0.0034299275539699803,-0.016910398554605077,0.05787703011072587,-0.024229238635093187,-0.008110065233070451,0.001337720745401727,0.05674757868004998,0.015477117217052916
2016-06,-0.04265976823669315,-0.006844831389535844,0.032354911974363354,-0.05078543786121503,-0.03452839721990264,0.08558119314227386,0.0025583021649269178,0.006206946165852711,0.01815951880222877,0.014697421697094537,0.044792495096696694,0.040626653727045436,-0.17233482108281062,0.03643489409636236,0.08474883819859969,-0.04069435005846289,-0.02545865416615678,0.033828417619570894,0.06114343066584205,0.044912348265171875,0.09705291545389261,-0.0668372431481834,0.049580266000532,-0.04795452505573072,0.07640412426169929,0.03830311406796594,-0.036996081833864936,-0.03672071321129955,-0.009919933525815994,0.009913713704243765,0.02948873563596255,-0.099728569558032,-0.05264528547204905,0.04551070409198554,-0.004338558737709386,0.05558875718818035,0.03164728152784435,-0.051367674874568614,0.03792049999536973,-0.007801761677572183,0.028513053297024804,-0.014110103690158304,0.0966379821005634,0.04923858871854425,-0.06051966390097285,-0.06834698151997343,-0.0335301487723868,0.02187440726844292,-0.012392119575910576,0.05302189503663368
2016-07,0.0900625300220983,-0.022353086442901016,0.018226132584761023,0.11346935200756292,0.10768021648249104,-0.016180854698112368,0.005434545944743574,0.21463508729985947,0.0063754579448356274,0.04771345222995382,0.018787390222939848,0.016281838866639475,0.12287641199334698,0.018209383580086502,-0.00242381207604625,0.1392879277804342,0.07498657684066057,0.11929603246752984,0.014163870837907044,0.003527705550181226,0.0023172813973502127,0.013521891531012464,0.052571256330479876,0.037463590303456584,0.03239915260048476,0.06280486191067025,0.021609767982460504,0.13066064679388,0.06035326650727413,0.04234229294479763,0.029183099817461144,0.09193674786195905,0.06924973593432071,0.10219359854787324,-0.05815903004987666,0.06482456249278501,-0.0006844264753095297,0.030096923071223802,-0.022417258351161484,-0.04109084896845805,0.6543813250689912,-0.01199135387795669,-0.00233144489432513,-0.01080018617274614,0.12481360129407015,0.06885153028907465,0.08262228850837272,8.637567146596581e-05,0.07382823784975501,-0.05109896845665285
2016-08,0.023651703191238438,-0.00927462363768905,0.07040556573529844,0.11590687850060055,0.020079961322024165,-0.050658508644302325,0.03855872314154296,0.07623537257457147,0.0043858418031959,-0.04881318289577519,0.02009565074505537,-0.027978971518621387,0.10954794346341945,-0.01887717879558648,-0.03029138020717481,0.013975912830769932,-0.04186623435654779,-0.0030109236969164677,-0.04993003600790136,0.017517208345809054,-0.055585298658105575,0.06749939257716764,-0.0560333377821719,0.055182157712388546,-0.040676188635358934,0.03735096430518814,0.04547309340371575,-0.005704754588855776,0.013639826927226206,0.08914667187900305,-0.02347189389707116,0.11905556885978674,0.024148545932669352,-0.009787655677936935,0.005634035679108473,-0.028072819608894184,-0.014265646818145128,-0.0290952917010322,-0.008198826182924335,0.08801949911784246,-0.00036823133539909403,-0.015529147458600123,-0.059796087241003826,0.0032115626752731163,-0.0018829173417755918,0.07123407029870199,-0.024828207727836005,0.008428626408719664,0.029806726665857042,-0.011994278701905725
2016-09,0.06550456285197548,-0.0025936506683787997,0.0012368380313476646,0.0,0.0024367305634549474,0.011410646501364363,-0.08402930817636578,0.11705267756978399,-0.0470645727711565,-0.026723913364208873,0.02794658375881487,-0.03716911117831134,0.0034967036322692824,0.001786786642418381,-0.0005848236337122614,0.02444552187412774,0.04621283836534418,0.009203211435998337,0.0337856326885031,0.0012817575880079701,-0.006688903475008723,-0.1283467376051345,0.03228292431600899,-0.013481484570810998,-0.01013914604635735,0.05182504555046452,0.060893397572076235,-0.019110973970782985,0.08860318280928281,-0.01915653189101263,0.017690368207916363,-0.030359047290879793,-0.02776225810497146,0.08322147961666349,0.05895274691110086,-0.05910306576829627,0.009518442689582018,-0.10186353251809754,0.023265050708676238,0.016807612852506315,-0.03554341678914108,-0.016938092443500086,0.004770252775726291,-0.04445686082892142,0.01799070458512375,-0.04832993694511567,-0.040560615930478106,-0.0010284645180627106,0.008905877666163464,0.0016063320051820096
2016-10,0.0043343329484129,-0.024185284294639953,-0.0591252542030104,0.053371075844810933,0.04027738717775131,0.04643542559120695,-0.046913437799089075,0.03852872245072736,-0.018104702955250462,-0.06377341735674791,-0.02540215859900885,-0.01976338544153,0.0041177519306909716,-0.005213506313883287,0.005263182287052803,-0.03721565017863493,-0.07563186470832484,0.009547185440825112,0.009500012690856652,-0.014630575501270227,-0.06409060274685485,0.03906992916790508,-0.07999008880954128,0.04765709238884153,-0.018115820481742206,-0.07629136086267652,-0.009489577764961399,-0.15376770707757692,-0.05671734948914742,-0.012984055062126965,0.0811444936624206,0.05431313180361852,-0.05854417149324276,-0.05151830753687803,0.005321521666144857,-0.030424014499855323,-0.029118213566802664,0.053694082366046336,0.017780962523526567,0.03456353316991323,0.0020409406008008446,-0.0018309288933233692,-0.0002499442615861991,-0.01755590546682806,0.007263180090205434,0.10522708744113807,-0.05183408625209729,-0.05425478096208125,-0.024793760864582737,-0.04537083008698839
2016-11,-0.021600869490359442,0.06775771871841285,0.042064080345199484,0.23205242833617867,0.012468424245609455,-0.10073637682399217,-0.002192398157302544,0.29761194107131894,0.04606953996030749,0.023669104659787,-0.05000024259035951,0.09739064287691246,0.22219805498348055,0.07439603439243592,-0.08148705527994526,-0.020552839798565037,-0.04706534696853726,0.051106114895631105,0.12467510420579475,0.08326592883400075,0.03742184155023853,0.159767572100189,-0.08505497451850996,0.15752222801792182,-0.03380356831245068,0.002659155054325346,-0.043716905257625616,0.027509267607159993,-0.0496949044026711,0.0012331248041426157,0.06519819931222504,0.2847485244678587,0.08659586660866281,0.14497948280817918,0.11668558852934097,0.01827242959853015,0.005855426770528194,-0.042043686005419856,0.07567382649934418,0.13476792919510694,-0.0048377345130059535,0.06937125789645626,-0.06760636676355714,0.05704488260699492,-0.042005116966771006,0.2341211186709642,0.06620013420258353,0.04498331593710958,-0.028031326148382774,0.057045404847584136
2016-12,0.04795502964362752,0.020541691396926298,-0.03053225080790778,0.02151834836865274,0.031197905018742755,0.04578485497626805,0.018841817088261825,0.15770052290531522,-0.04329399332366657,0.010578371654362817,0.019646320387298966,-0.04226282268409909,0.020951958635807122,0.004719204535060806,0.050619457054726036,-0.09622649192378241,0.0081078297290893,-0.012984967016281823,0.01086451527883403,-0.011042005120764808,0.06973969138397607,0.041383019290984535,0.09579900288949039,0.07633725560278548,0.035130501846126316,0.04524497982341669,0.0013617293354049043,0.014853672599137058,-0.0009326204826226592,0.04276192094230802,0.034006528487418475,0.04640164503860977,0.03252059609639146,-0.02950993030904736,0.03338861963288431,0.06661845322022986,-0.011575855529193047,-0.049166535403227796,0.05503751569111803,0.034316170279054425,-0.002639450181690872,0.059555976489595874,0.05218930254081422,0.035039453867838244,0.021356495951122323,0.09193310648972197,0.03616704246489211,0.01676339604909205,0.013414110569284876,0.033905819786234304
2017-01,0.04774653518028371,0.006983479348346977,0.052998265999738337,0.010270573877755096,0.04039282188383653,0.03566054944514385,0.04072364646653481,0.022859075099073145,0.04725844790294054,-0.023090818391682144,0.05012152656845914,-0.005403874949197696,0.04484404660903896,-0.002858567498630893,0.004878686328678716,0.11753779748612603,0.08001419977868318,0.04179195737622221,0.0128715994957469,-0.048063707450094695,-0.07205002621818168,0.022137493889898385,0.047314209376007055,-0.013810617346778131,-0.017012373963238958,0.015163973576754586,0.10131132214039251,0.07160942601025488,0.0981636831579693,0.1285855380451626,0.04971735262381105,0.024434545699640653,-0.017238546956512724,0.04004446152285168,-0.027523188417578504,0.023983077786455143,-0.03443305085409698,0.15541895581484622,-0.05395082617852798,0.03891710050122521,0.0781085574363849,0.06169627129974953,0.011852679748754147,-0.0601267112260504,0.035005235564485204,-0.04230535925522039,0.0261035748959233,0.02132045076632072,0.025273996331497184,-0.07057411385227252
2017-02,0.13377807917440676,0.049110879985858835,0.06259078470907742,0.0748408750159657,-0.004363796333206715,0.06696214407556522,0.080529427422106,-0.06935253755820603,0.0618302739381722,0.08627812478892638,0.039612012762825666,0.034521712704499,-0.018146351592050802,-0.03414108906101099,0.040168250833607644,0.08068926681523436,0.034713297973363755,0.014296950381416096,0.020234364064016352,-0.02344546735183828,0.012650708965799895,0.03449516938563879,0.0822704274034094,0.070779171616562,0.08625730257440889,-0.00982006592481155,0.04374668552325378,0.13446213192245082,0.026181549535707394,0.05729326271778268,0.11235059199233,0.09010577439766454,0.03604457795200244,0.01045409111605955,-0.019187042025290646,0.08360599964061821,0.06278105155100988,0.02844492639301288,0.019998760428403983,0.022793225117359706,0.01942322606576896,-0.005061044944051241,0.06269957274806015,0.011709515240229784,0.030163649001230697,0.08454742399145254,0.05327810122590915,0.05787209037228669,0.11263006849673896,-0.02177103527131219
2017-03,0.04868970318610133,0.0153542603042367,-0.028411597860731663,-0.06196616055030868,0.029384239728470263,-0.02007626966812004,-0.021979547885461637,0.07341334252893095,0.04742864628662913,0.002637896352853719,-0.01339620332430791,0.026727509087605794,0.009898536812811276,-0.028123472170024866,-0.020464150518361812,0.009809291911283546,-0.024957209263725355,0.05142256485175145,-0.004587924601329618,0.014561252109816625,-0.017730846457322258,-0.038355067623709105,0.015698846526888355,-0.030677572105036632,0.019147547885665972,-0.0035912825432344864,0.09962826525073076,-0.07058314817615552,0.049110120630820875,0.04277736473612248,-0.01869834521813185,-0.04125169501835857,-0.003934421033761071,-0.04034794575353362,0.04834990938180628,-0.05356115371812831,0.023685294430898285,0.014013709382110884,-0.04560013308177957,-0.0002166190035300941,0.0013985279019479435,0.029975561959380892,-0.006541628237366592,-0.0003357159109779184,0.0033967947949924415,-0.07393389933699623,0.019416292292434578,0.0029719157554326525,-0.011117519009054999,0.008484806460051786
2017-04,-7.003865674581888e-05,0.07962373960614322,-0.019043063909360836,0.016955609690470608,0.03947752254493153,0.04042994740086003,-0.0057421349016486545,-0.04250426152213238,0.012187817797577383,-0.008477320743853434,-0.02060441862987672,0.02860070417732863,-0.048027429107727726,-0.07055094980300614,0.00040162208661498333,0.026387992355164425,0.07636725457254956,-0.011033681588934696,0.06627726801776124,0.0014908076374529067,-0.0470201879804627,-0.03269876987039466,-0.024373020847094695,-0.0038719015017746328,-0.00867126555853781,0.002218089329143913,0.02774149292934025,-0.004570888012237373,0.043370871588667814,0.008448897059646798,0.045063903106237646,-0.010597609332128832,0.0027636010876614936,0.11157177671131535,-0.039302253477701665,0.058620419413886626,0.04300794598256563,0.04400533198894929,-0.00624016103264291,0.02526145012047487,-0.025721899270153004,0.01949040851806494,0.005974908817669711,-0.02718138649591395,0.0904930082893014,-0.02577054619527297,0.0631345895587927,0.05021238116051108,0.016768980510709852,-0.004389716236324448
2017-05,0.06780768012735527,0.07832478004062726,0.04460112475632916,-0.0375838281422729,0.02600523110893138,0.06647985361698194,-0.043674285852130734,0.38544586593113106,0.009564454300231562,-0.028124060877726453,0.008702913051034766,0.06347016044763487,-0.000600048277715648,-0.03443988563173872,0.028223863899107693,0.06740391885771846,0.04512160712530755,0.04180349028422503,0.00171516583591802,-0.0060155409472797405,0.01590114813745447,-0.04348395401623706,-0.024082493863005983,-0.055747335899073436,0.04560182632452969,0.006324591520354028,0.06071478079610615,-0.04260140310721727,0.0752764613149639,0.08455239800147485,0.022920413577764087,-0.036692466389268485,0.06414960079225751,0.03099927855244644,-0.061988151549981496,0.06054114122225207,0.052487248855709545,0.04087304587232987,-0.0203124023578527,0.09721409440881779,0.019320753983802508,-0.06626297840251327,0.04933935557818869,-0.05553620415284166,0.06767846497098029,-0.05285416732572934,-0.010909421457111601,0.019241401152159776,-0.07455224800676963,-0.004774255295698304
2017-06,-0.05721383565423721,0.02140698837602595,-0.008428035214189444,0.06756136192658002,-0.013029927166739008,-0.009261755038583175,0.11721263076616117,0.0014548852412592517,0.10464832537585922,0.028790268221937865,-0.010670935624745637,-0.08332017338617437,0.1086454411820601,-0.05388696999082698,-0.053942110384339825,0.022267214425960136,0.010597466773462294,-0.0674020846779041,0.06282498425748129,0.043596989516617723,-0.0424531947797131,0.08349623471935597,0.034309632235454135,0.11259881341861755,0.03150077628735515,-0.0656328242491272,-0.0029606525245895465,0.10944316686664979,-0.026763939876424114,-0.02270568921327487,0.05393592497624433,0.08255255109977488,0.03852575617885323,0.019254461632799424,-0.01633500069409144,-0.11361746011789886,-0.03715021280682329,-0.03391313577198052,0.008214217601187235,0.014215280845315537,-0.004828459286579934,-0.015657025278519088,-0.024393387307278802,-0.005191639444035223,-0.058160848901073425,0.05036450862583797,-0.0007166124338799928,0.00225579786298602,-0.007294519887273809,0.0028574072075129298
2017-07,0.032703305677662886,0.012927721124524227,-0.003276679213309319,0.058116643769984044,0.05469324312993695,0.04253207810864068,0.000847441323236886,0.12416967773887744,-0.00043197408329442855,-0.012801280039525187,0.050286834556111826,-0.07425845729983926,-0.0013966792242221526,0.04191987816652776,0.0010443730690572472,0.05205885702098123,0.006075454385150003,0.06429269484794742,0.03446256730410213,-0.0027123870268442873,0.09795724544828177,-0.02652935753770158,0.004374325816384639,0.00990141236413522,0.003250783629110021,0.051274773402773643,0.03570420648041095,0.013238082668304507,0.020433850865833714,0.058399426991603276,0.2260936279727812,-0.00577105864316696,0.009753196107801898,0.06804896394817384,0.038377466638495505,-0.008878572707637478,0.05694995518670054,0.048498654506164085,0.04658276087380697,0.03794790363816691,-0.03436415037240681,0.042332137675442194,0.018303685072967424,-0.05183259424803188,0.017016510951242347,0.015457382893777627,-0.024771750644629886,0.021231879482316085,0.014179585140709161,-0.008547168046847409
2017-08,0.10699950000336855,0.03725085578705234,-0.00031320771517517887,-0.02985076965356115,0.033953072014766494,0.03701291456314326,-0.10259995627472873,0.04356181553886951,0.00801128786170291,0.03291122744773034,0.0159657196568046,0.020890122357273944,-0.06818518878546909,-0.07419835330325786,0.01894868774141889,0.007548325843027115,0.06614229216572465,0.017694766992714328,0.03696372253788249,0.04461555426331376,-0.0088842721913035,-0.0463300578664122,-0.010301497411754568,-0.009913063721195492,0.0037075434150224407,-0.003855018132211452,0.059184912579922644,0.025550805854478886,-0.007268848531284733,0.02193286563963537,-0.00565283959047469,-0.004469008134768915,-0.011693972299325561,0.031066044285599892,-0.0376902791397381,-0.008004836720101882,-0.017863577159279997,0.05165198044459207,-0.00447560711825945,-0.0962735032908607,0.023683720739569925,-0.0794140813194738,0.036225259176782876,-0.0413902721727889,0.010301457863996166,-0.0036653825427224174,0.00772893974708766,0.020734498713583127,0.024165443016761268,-0.037108245553816865
2017-09,-0.060243597598724774,-0.020566435197796218,0.009914325614499786,0.05868158063036577,-0.0037451622287112407,-0.02631055060717835,-0.01817828811036737,0.05506406647667306,-0.039340605939242046,0.05247610019371485,-0.013980412987426472,-0.020962344831225832,0.09624054191120202,0.1071258571564131,0.01823434928017642,0.01282928051480825,0.011800822751291573,0.08234753611618273,-0.011597570233501941,0.050105061880670654,0.031686176002379884,0.07989040687063165,0.052282075493621294,0.050830405594096906,-0.017829096007618728,0.08582816406582205,-0.03854093094345845,0.04882711579579402,-0.019630792069039615,-0.033873587042975495,0.060710918192312224,0.06069449317804221,0.06701509729177002,0.06145220928920647,0.14635823056527886,0.04816865292355654,0.0008965435410179801,-0.021677642104757977,0.0918045217522645,0.08862248679074325,0.0299778239863282,-0.025988105335194467,-0.03871741502149473,-0.005229891149503452,0.019345882327171937,0.060114721893492984,0.09134614452307654,0.025095699062750887,0.04408564396722192,0.07402085399909075
2017-10,0.09680732483146626,0.06529233392796008,-0.13962207149261296,0.04308728257207317,0.11666009502426644,0.058137083401818,0.06055941631049411,0.15684911983692373,0.056893062304886,-0.017927036232902704,-0.043888863941272116,0.021039055737107848,0.025148842571129704,-0.0825686205153554,0.062271023215291876,0.0010239274515149166,0.024471073949840605,0.08555104033208805,0.07337232701868435,-0.02131748643908038,-0.021129898431301752,0.017950954836627675,-0.042085471869084845,0.0595551753670136,0.07230208453779907,0.19459056463739421,0.17415211329840652,-0.06023018559341997,0.1497165176249049,0.08810942952679057,0.014830407451830174,0.08090009125087816,0.053099299619537854,0.09542132121534941,0.027444369561731907,-0.019538323455097872,0.11735357150103276,0.09548273745824964,-0.013702125798055298,0.05804622823232841,0.07565863113583737,-0.007710368747340435,0.05231172778677151,-0.16625327031808113,0.060921038608962697,0.0223028241037333,0.013573132992056092,0.017073409096461933,0.02423735282568007,0.01671142041245255
2017-11,0.020278466652340565,0.03645831008971068,0.003267538916532864,0.03220038673457326,0.016983810099091556,0.025607047933442706,0.09874501749722153,-0.028821396212510675,-0.03614939435044462,0.043677719946272564,0.04227462585307884,0.05992530329196488,0.0900600378649794,-0.01796880439869042,-0.008080565799994277,0.060231460390226976,-0.005520408621071393,0.006205479989881413,0.08905138934722023,0.041030261194956896,0.06308749951601866,0.012905981738419836,0.03947423384814974,0.03886290076964394,0.0055465764585795885,-0.008447686062920678,0.036024191748511125,0.009363862250185706,0.06466237678888143,0.053161862334893284,0.0787192550342477,0.03286010388551386,0.06448139708573475,0.03939621027744278,-0.00527880770034006,0.1483563234440728,0.11361802807229426,0.019347390459733216,0.03636109991218395,0.12778403360419666,0.02265070308268169,0.07166958866993745,0.019872549754910596,-0.09275794271339621,0.003029800058365062,0.024489341595943737,0.09018567519254339,0.08738846066287431,0.09223983714275041,0.008528090025499813
2017-12,-0.015246357000912925,0.0008723537803629888,0.02675327639573455,0.016663400055634714,0.016276514146887466,-0.011706149513366015,0.038691439840213615,-0.03592244849595416,-0.03628200675164228,-0.0011034170779009589,0.021002401797163506,-0.006745019112679551,0.05287980664312775,0.08059940528555076,-0.06074196011667066,0.0236883839681723,-0.014168321725848032,0.07349155905677018,-0.03379034725204155,-0.01893799071415503,0.040086691040041256,0.07437546582262522,-0.0021270168992393312,0.02315369656961863,0.002799254514106675,0.029438020406601817,-0.03433071959900502,-0.010019443409389539,-0.006186568401839843,-0.06957221894202803,0.0654260500565722,0.04792336547556442,0.030119252059884083,0.11640099544359495,0.07881324538278722,0.00916308092564555,0.020985577898121832,-0.02003445044475982,0.052105324475637316,0.048341212194775274,-0.014845942633464171,0.03391393670491949,-0.056851036320120896,-0.03933939328324598,0.016628635117394985,0.028751510173986583,0.05399852451936127,-0.016670489898576002,0.02680999273610052,0.004202028152684445
2018-01,-0.010636098397133198,-0.005693965946981905,0.05295869171098988,0.08246890901504544,0.1107088558725755,0.014277575283732524,0.09064748857149252,0.2702844788143577,0.09540832184121806,0.022639239249024667,-0.053132476870925816,-0.010795810754832713,0.038349264514461856,0.09185344783433136,-0.06196726009002973,0.06906747671851532,0.18027158068013982,0.05588768686066725,0.07402710806959556,0.06856931667698518,0.03317319691469711,0.08422635922859745,-0.03563809700141263,0.0872687772510965,-0.010950719258050245,0.042894257901066046,0.13992232506879465,0.06986759468448867,0.24063897541810575,-0.03452712603870889,0.20162104799784486,0.08401088090868813,0.09361332336357275,0.037793437969253274,0.07141528002535757,0.04701297608901989,0.0794940455292501,0.11425195591086568,0.0012776117638673146,0.06331911524014422,0.09114400346724416,0.010789536482157969,-0.06669852384971386,-0.07335225661986089,0.12228975085629101,0.05153868807046069,0.05999018247079868,0.04114438171031076,0.09268487227817612,0.04375951807650047
2018-02,0.06818470632674067,-0.072467615095818,-0.08489450082946559,-0.009372267662887124,-0.008415302277500314,-0.03270686023654423,-0.017443484481053817,-0.014847924421581116,-0.017833207102302295,-0.010626456429977393,-0.09057223024918815,0.010556351747496029,-0.004085129946255317,-0.10161424118041784,-0.03285608772027038,0.06190948782908401,-0.0692961673269411,-0.012036222834399313,-0.04485166104510241,-0.17299185256435157,-0.11707061810418107,-0.10674396858214663,-0.04735166751050157,-0.0014693298927205278,-0.054116005836927106,0.030835052527290685,0.0469063407771364,-0.004787746067389187,0.04242906360200127,-0.006330028505430851,0.02716925037162876,0.003124916813556977,-0.022018958571678904,-0.05006731860359437,-0.07154742787236557,-0.017751204320659575,-0.15562868927362983,0.020542695006021017,-0.09825153460241665,-0.03334968888874157,-0.034557885996946425,-0.05070373266936934,-0.028803436407896066,-0.12017496375505576,-0.0662313280484792,-0.01575982670442222,-0.09273262621923506,-0.04901140279422467,0.07799746368929639,-0.12354542638443744
2018-03,-0.05805044715514229,-0.00862156428972094,0.013395908307268112,-0.03677259984232928,-0.026661090338632176,0.07347990907391799,-0.005804042677609478,-0.04301659739832919,-0.09709899821808843,-0.022583470522528626,0.009679183058608931,0.013835524855244197,-0.01508867305599837,-0.0131018423785777,0.037157662006780834,-0.003857944185472695,-0.009380974316641533,-0.0411626421745136,-0.05063455572830389,0.0023940787469680647,0.0016758434115700105,-0.10272203852377038,0.004544157632896395,-0.04787861210863098,-0.013320327560584877,0.05660400509780339,0.033232901955588146,-0.07231868953706422,-0.04304936888568922,-0.029850807698281634,-0.0947791944071551,-0.06222633990329085,-0.008797095939713673,-0.046885870996741685,0.09169570585601416,-0.012938688615000027,-0.00566137007994072,0.0004299893211883177,0.018942089012002006,-0.030677545800623096,0.0029801908354805118,-0.0263669315596069,0.02827194333642402,-0.04464901753841677,-0.0604935288138021,-0.042102515688343445,-0.016533201558736832,-0.043676917219614975,-0.042206754248720335,-0.01491996294848974
2018-04,-0.015019631408201395,0.07072489613084465,0.08077838194936127,-0.03876183825069135,0.024651901342345406,0.0035515524895735062,0.029350002968664413,-0.02888730762152647,0.0023848870162956892,0.03155807474776706,-0.0790942938733169,-0.0055278967853656935,0.06625805636294713,0.05835134663955022,0.032691260096024743,-0.012875190606141396,0.018841318199173118,-0.02367894556864658,0.10467279586651812,0.08446437105553062,0.04497995740067062,-0.00858642698961487,0.047822115636369844,-0.005805184925565698,-0.01295339311143695,-0.00883278553614364,0.0255461135953563,0.0234630504773079,0.08207479647163018,-0.026437679438149453,0.017323337873896838,-0.0023339361950811544,-0.037325707078379455,-0.015559668188277809,0.1047393425141454,0.046330475961465556,-0.005732267814756109,0.04032673929211317,0.09707111041660732,-0.12870206225155623,0.024614174986324455,-0.0010952693239286715,0.03472330376766264,0.04376868252158972,-0.01789540390228328,-0.053720289340860816,0.03680409579415955,0.0011764761060923945,0.04094319521262135,0.04208566187352192
2018-05,0.13512376929307868,-0.0443741912774307,0.011211156942739109,-0.028671146556710325,0.06146738284993436,0.011591366328800312,0.04986108024660152,0.1220359995141942,0.022991225025337902,-0.008993514187153218,0.011473402238938446,-0.01048574108856537,0.0006263278689904173,0.0016044580273206765,-0.012874443004743052,0.04981638831163049,-0.009888489109204479,0.10996525007825753,0.021615976106990287,0.031131894130163262,-0.03404243742514479,0.04689196840794296,0.05620356157477002,-0.016271559705379857,-0.04729898622052431,0.0755248241653137,0.12490971080050928,0.03740469549111758,0.04053941088038626,0.09872750969935873,0.06102876271050439,-0.025446174772750574,0.024410067163185056,0.05230006977449597,0.03310160457343181,0.008409510908994555,-0.06104446364141547,0.06893134544871948,0.0021894286352532877,0.10478074435859264,-0.010366987417044893,-0.008571516151847258,-0.026023698790391125,0.00071041672532135,0.07993494894606967,-0.048887189776345874,0.015121670895097195,0.027513050070342437,-0.03567399245463798,0.05547842962951477
2018-06,-0.009418401094670181,-0.014527827499508539,0.02753409015095576,-0.05464685028397309,-0.0023271746069537524,0.014261422180119387,0.11284883369220222,-0.060628676132739145,-0.05693522563080211,0.009741180132698313,0.06683029000141927,-0.13799180110013587,-0.08126597221489884,-0.016764676543672197,0.0314029735437078,0.032354326154905966,-0.004643386564625929,-0.014833446850784249,0.01945188149319277,-0.08517072683714955,0.05538099960725695,0.026856667136127,0.003410125543369613,-0.026259098330969066,0.014379057678729712,-0.09945653941207078,-0.021943201410017932,0.02766942741096301,0.043065192317739864,-0.024502097673352208,-0.04727947971611712,-0.029270076213949503,-0.06080833347467307,-0.10690583943568721,0.03309083031589943,0.0541765897653077,0.037678645050054804,0.05466631502216002,0.017135856181857756,-0.06029305039963295,-0.004420391411589786,0.05368450445491968,0.02488328278210128,-0.02480121558936621,0.026536227876686302,-0.02350790752367382,0.04583182866520352,-0.026096824745187708,0.007492431807229805,0.018340876822215746
2018-07,0.027983476955750097,0.00542426243644889,0.08517313174016161,0.07297207370580971,0.07575327885468153,0.003052958336325906,-0.03476387454249463,0.033600597072163785,0.08640505494454098,0.10060617171215513,0.045529944081794005,0.07246683572067258,-0.0007826952647934649,0.007310247402404935,0.04944903568896142,-0.01692077352702226,0.13222945239522854,0.015295660434459846,0.03211852433786366,0.12858881849470793,0.038336206678661666,0.03336923164263483,0.15797482584268274,0.10916199611298216,0.09213771663413395,-0.0323880006192786,0.003568332414171982,0.06479249864211556,0.04567600755093726,-0.08601204895669123,0.06196510115825449,0.09542378320695688,0.0074540897054682365,0.06642386842076853,0.04088420145837568,0.04655965016964925,0.0417979947485303,0.005498555694088747,-0.0012653537558399153,0.035693450888462985,0.03952136847963339,0.09219371525585784,0.03211894146838157,0.0014696251092942703,0.08681456987253044,0.07643828484443138,0.012403951867485441,0.10829547940756079,-0.009537089034460045,-0.014746670782039062
2018-08,0.2004221134471753,0.03619859888069188,0.041293373924687904,-0.034216636091958685,0.06299265624604344,0.02193065829485641,0.07141434277190606,0.1469148554597095,0.01887608012308095,0.04867407657253131,0.025593724848349098,0.027335395710931465,-0.0027205189913153127,-0.06457344982003255,-0.0876523321283017,0.03552992333405269,0.01948569620633145,0.009701782312503626,0.060185022382159836,0.03269891207596376,0.05286576334573678,0.028241446866428932,0.0751325565935339,-0.003218637965755722,0.023148201681224112,0.012983935446974071,0.0769577311324956,0.02350481061509102,0.13236448128539746,-0.012355562804628795,-0.03316347961043398,0.0016193783351381441,-0.04713973333817245,-0.03442263315584193,0.017458227162563622,0.0685781284977951,0.08054223759693513,0.11323372478567628,-0.05285759769812759,-0.0068374908310018245,0.009358903905604343,-0.013561239524004232,0.006757520392092209,-0.050623695465745744,0.0037319563034288183,0.0049173131046820195,0.021664494700895487,0.0011739509727164421,0.1295811231014221,-0.006294876507599745
2018-09,-0.008303185775824229,0.031190691423576,0.041318326844810516,-0.04628300100122018,0.018160832207858135,-0.014696880549722846,0.03065685847047206,0.001211216480611066,0.061342255604261764,0.06141607484709288,0.003375706028742931,0.06342387792560733,-0.03228989320700104,-0.02776878027896945,-0.004111558127512072,-0.05631500564171532,0.02153997366132132,-0.045462634177373396,-0.005670892944349304,-0.04988599132963267,-0.018024427434947254,-0.10123108380717583,0.01571236884784266,-0.015186059126549578,0.02583677222043823,-0.023538930538414826,0.024439308575542107,0.03743584797283184,-0.004824306834253944,0.13492496268965226,0.08492066516341645,-0.04292244719261584,-0.009654080688494271,0.09823544348428026,0.05406532115947793,0.00750660187377683,-0.020342223741893095,0.041590336810003015,0.0322474195205491,0.05016748838252849,0.05099355296816377,0.04392090905548307,-0.015017394821313701,-0.11919556810039278,-0.020068130463924527,-0.057062372128903194,0.031777571352021416,0.046145726946820176,0.018421649417207142,0.06049621450241882
2018-10,-0.0304774006845715,0.05744491352326064,0.037637506581411406,-0.012801867609270379,-0.06610117162011298,0.02923614904157734,-0.11425877980423893,-0.24976857692985188,-0.048940603927163595,-0.02291829992656169,0.07489587664046349,0.02515814870961286,-0.05920644796072738,-0.1577480301316201,0.03279819981133425,-0.06689186970854932,-0.04273210715530129,-0.1273235614974355,-0.017628873728871786,-0.08745183324202632,0.08115025749679905,0.012747275189705976,0.010530163233657852,-0.027087703989635337,0.01317273604543856,-0.008670071802893364,-0.08960924840278728,-0.06995036194970583,-0.20219175018307878,-0.09419212692228685,-0.04581883121978947,-0.06653106284210808,-0.12710810560664787,-0.19933650614648113,-0.09309892397692454,-0.02660946283248866,0.06783084518046056,-0.1370181640459568,-0.0869315291805669,-0.09904830414887655,-0.08521986503637202,-0.01804350855892123,0.03261720708121674,-0.10540312348369973,-0.09651397664555916,0.005039329926030511,-0.15095325538888105,-0.091957361249281,-0.05325144530700976,-0.0628084818009832
2018-11,-0.18119766566803008,0.07220191249199015,0.07784249627959494,-0.027814637602926684,0.04268366671858992,0.05999960611249544,0.004037286080067259,-0.22405030114017743,-0.001637728264589633,0.08190310695590575,0.06574198025879618,0.1511627279527712,-0.028542150406676292,-0.12102903094258732,0.06461623242769132,0.005796762361051977,0.06805065389802745,0.07562199356615973,0.08000438726583514,0.09111866457177009,0.056226854991320074,0.02797568285330221,0.09956960530960246,0.01990471624824064,0.0560428975182623,0.05845429486911735,0.020874043772286077,0.08773342091798364,0.05767175245241973,0.062284742620577704,-0.018313586594831288,0.032727265775821524,0.04032339962749276,0.11828220427388891,-0.05321890245226035,0.013995561056633132,-0.02622652823568794,0.04022146603184584,0.07570453981442471,0.1435317056677281,0.10201207247067612,0.005747690570228725,0.08352184220029124,-0.25742573288084525,0.0174861530160062,-0.15045372450800865,0.03137721516715475,0.01899023582299586,0.046338599667269165,0.007855079379843755
2018-12,-0.11669814236417808,-0.058033721833186,-0.03017875832616712,-0.10678053091716411,-0.08404711938702814,-0.04342094136537411,-0.013045793397231109,-0.1831363585434701,-0.07403614275259718,-0.055807666724330796,-0.027404470907883116,-0.03477245693554387,-0.07299105775665593,-0.19126616586248446,-0.07204746268353057,-0.07065506383931575,-0.10259419774158063,-0.053580446613799015,-0.11458650378701563,-0.15404623660448136,-0.0676616807599133,-0.15106835162947052,-0.02461242880075587,-0.12204335151918799,-0.12151119851220404,-0.048266604606393204,-0.09825020509566562,-0.06521021685163997,-0.11134970006404432,0.08234441303113305,-0.0699618477693027,-0.12754547089778034,-0.07513554763309749,-0.06338915605119222,-0.05787257457519124,-0.11920605816794516,-0.040877677064293017,-0.04055768058012177,-0.08533716195343133,-0.031852141410375956,-0.05709942287568592,-0.043202712610729166,-0.025629698655313837,0.010721829036119734,-0.058297639384906175,-0.12397083184055036,-0.04713864259033684,-0.09969311960541272,-0.09484013056596186,-0.1422641913220266
2019-01,0.05515402377880951,0.006814165419536389,-0.0259126035778372,0.07442064136776438,0.028157888490278005,0.029686172052866278,0.10439720008048536,0.07677906439547222,0.11691850762455624,-0.01899800848089095,0.05780025330879757,0.05807445084504392,0.1261739140881093,0.22533198673638677,0.10655727205850529,0.12775067647631766,0.09777006734703386,0.07355346611138325,0.08461792503733978,0.08069296404505222,-0.010411777804863132,0.07103641579926423,0.03577594182239241,0.068843621907698,0.031228306089550184,0.004048558523323198,0.09538543717771764,-0.03883478999909218,0.14431709005232074,0.054939684137620404,0.1957210056579386,0.15543827896760942,0.056667237221229794,0.05466806666848356,0.08564546219222935,0.05360546086531204,0.02877112093081524,0.10951301762499721,0.05386516753515047,0.09941655478710287,0.07563994132694107,0.01705425261291782,0.01714994477552878,0.3421398739186541,0.07744783711285153,0.1853338487944467,0.0681530730513571,0.08711793990013206,0.09984205784835609,0.07464450652884169
2019-02,0.04477660914702608,0.03484949808457993,0.0921670858750947,-0.007564852387308085,0.07735743508208115,0.05584406315128332,0.047020486898186276,0.074218933459967,0.03782604733876016,0.021201286550192266,0.02156132215654738,0.03649406551304324,-0.012591595435942127,0.008144946755833216,0.035050364015593694,0.048459936631496614,0.05658020111771456,0.05065523553622664,-0.10355300598097694,0.054715806082941354,0.03378117409933634,0.020036933988604844,0.059356624921850676,0.008309206430766602,0.03356035390541079,0.1310636367672744,0.05923651134662289,0.02372798140664556,-0.04590598487961817,0.026505253190765687,0.14664754033071858,0.02664110493366567,0.06779433938630963,0.03139072290161282,0.006915029349755741,0.021902084456620452,0.032975015250157336,0.07685729332042435,0.05348514158963136,0.00024383828496343796,0.145149705055023,0.011836405233696556,0.03210763158848273,0.0635431392206498,0.000586282212384992,-0.002604270905811612,0.008772101599640258,0.07840744223280605,0.09473491779872689,0.0904395436406058
2019-03,0.0970257053546355,0.03296362817527054,0.03007027195487777,0.0052403948655297405,0.05275394499955244,0.029831136928171853,-0.015203234541981248,0.16400863281017175,0.030308728766439863,-0.020300040460725532,0.055809139475609504,0.05807005036130963,-0.07063633659469404,-0.011121394922055994,0.04004848169770581,0.050805966425243376,0.0552873286406923,0.002741531856740753,0.02470382034713947,0.01397425928685836,0.038826716814089,-0.03146915304157072,0.027476616693986378,-0.02999231420889581,0.02305341149584672,0.013972543109467273,0.015199962797619149,-0.0005261177915301118,0.08593570731353273,0.10181620306487416,-0.1330574462625016,-0.05123799817204622,-0.02843014366361818,-0.013470254911773782,-0.016359599084222687,0.10697626532859861,-0.009447506219636082,-0.03226395165691187,0.0301053650041625,-0.020901533980686726,0.04072755650697424,-0.016040304257354365,0.003792238614648058,-0.03747984681178107,0.04468504583548216,-0.02394529860523187,0.044176954162771453,0.03147902113147594,0.04288183792189759,0.022396260030903337
2019-04,0.05643585957285602,0.040389715965156725,-0.05362521717725732,0.1505727875285665,0.10734259080239639,0.005793609868866456,0.04298766906083351,0.008019879069918856,0.03477545263096382,-0.043795449632025196,0.03057832971678809,0.04492862732193181,0.07062667366367226,-0.020426706411870388,0.029799110559327824,0.048017114499504965,0.013627462203288587,0.11087032542877351,-0.057388979834069875,-0.049400372857517416,-0.022844343625926355,0.001862566386260367,-0.09802719202424293,0.1551713512461521,0.010086363069657489,-0.04953439878095822,0.0854066216356113,-0.05611117234036378,0.08185874546916994,0.05882775180921351,-0.009779331522148826,0.10837242797476909,0.1354098096473757,0.035243215800744965,-0.05424062713179023,0.014000105655928685,0.05444454435001034,0.044073959690719144,-0.025328935623537663,0.036223492085702746,0.003181229200101665,0.23363034586787967,0.012444398210429863,0.018018080030457684,0.018752903730658188,0.0725559747169442,0.061545423103255725,0.09256221585259206,0.04286440086908461,-0.006435363404163175
2019-05,-0.12421298993326924,0.009419962959048345,0.006352616858320559,-0.15668402997902275,-0.04948075725481116,0.025834641920196022,-0.11926774693842679,-0.2507480746241262,-0.08548704885657865,0.031476382728165886,-0.03352725459137762,-0.016312689132212954,-0.0875471259919427,-0.18720737877910876,0.016923561016151112,-0.028141363993507973,-0.03773671576741988,-0.10890015105461304,0.037456466923706744,-0.11684310268845077,-0.04965887442525874,-0.07459346278401013,-0.0038412558819498344,-0.08694516601767477,-0.06482027311817251,-0.1318627947608353,-0.06343995195683882,-0.062373500794061454,-0.07861319674779288,-0.2096733097255905,-0.09033186977263552,-0.13015041244268344,-0.14359908646030584,-0.14065418702292654,-0.06125361381554384,-0.021598082772302463,-0.008373317978966677,-0.08430591344250049,-0.042394028105270154,-0.15371616262601695,-0.003246733864879614,-0.03599320087261704,-0.050314914554826506,-0.07177976681354781,-0.07711685793641676,-0.10978771860041592,-0.06799175380173206,-0.04907177483557479,-0.07006244525946093,-0.10835587738533448
2019-06,0.13051902110256375,0.04735996272179466,0.06564840845556552,0.07667752764715718,0.08311764271669353,0.033550339869461654,0.08828109692444452,0.2123875009918048,0.12588942321535113,0.04335209150004471,0.06549385302985544,0.10215627045271747,-0.03412651096900876,0.16194539208267456,0.03327126045438966,0.06503656266415292,0.10074103138948187,0.10018230853730037,0.013608870251555771,0.11138625752737297,0.05114992195863799,0.06648620284637174,-0.04441973671651489,0.05511530178710089,0.061990104931834766,0.08696607751104524,0.08767072918087737,0.10545865741983307,0.06679174655008091,0.15490340021748006,0.06557196183801328,0.09611649808612577,0.13796164720013593,0.13755103269116287,0.03459969599402024,0.1030135021053884,0.08921519516743626,0.0021134586144861967,0.09301696756390743,0.18764072228115758,0.0839529208587857,0.0575583265067936,0.030720336513014423,0.11335854693304781,-0.02141893985024712,0.12115743827976133,0.10312711960032783,0.06256479849057772,0.05189285517083353,0.08280338717922708
2019-07,0.07639462631532812,0.014735261560533841,-0.01025676890116023,0.025051385432907747,0.017243870243936144,0.011275826568007297,0.0247766617233105,0.02733954146841877,-0.00776006602582946,-0.10341630960940995,0.08348791799883126,0.12954833270108912,0.07539170995740374,0.005787631458985754,0.01664239499656528,0.07533233027363728,-0.05448120043071991,0.095808848257946,0.020490918800535773,0.1568701836457984,-0.022374074319746695,0.02303485312041298,-0.016607770194875804,0.04491243018191371,-0.06504858157670201,0.05598498446291744,0.01428810976509709,0.012481273412999538,-0.014179183493694736,0.007399123390897877,-0.06271813109409874,0.057931136970074126,-0.003451965637645271,-0.026464530104288286,-0.02655306790571388,0.04302608026200949,-0.0009957262662533273,0.018256106517016146,-0.010687857538595802,-0.0003622894426570378,-0.016932455922523015,0.03047579261503386,-0.017225887015772212,-0.004761767246008297,0.12504631064616656,0.07590401334380692,0.027504205080475685,-0.012200138893199708,0.018630187943452725,-0.02962275845431206
2019-08,-0.01646120819632113,0.039875410186289706,0.041933184930476264,-0.06889598629830651,0.01503704730619404,0.06342307921396007,-0.015247036190260466,-0.006188645213045407,-0.07531105184594622,-0.07614329030997291,0.018552990438957195,0.023613493034794653,-0.11050636416309778,-0.18864152615456942,0.04792873959667432,0.06457789464684605,0.03377985469764777,-0.010079286825426359,-0.06027859628594612,0.0016625256078595108,0.05228856739120458,-0.027178617101250135,0.04271051972369544,-0.05293086833367522,-0.006897487498971566,-0.05578431161985731,-0.04801571401088367,0.1260474599472845,-0.048473822697145064,-0.02534566350977041,0.07380839151592133,-0.10332468158204833,-0.09647603373696356,-0.0962253219810848,-0.11679095060618683,0.07177013911502339,0.04024694065894585,0.010161835978990341,-0.03395210547591865,-0.06483536068656925,0.011316460262204897,-0.04020704590658719,0.08092074339351796,-0.21052640328442696,-0.022713946042719813,-0.0678699395728749,0.06654482588459665,-0.04066453403383552,-0.15505421810364883,-0.06762400940586832
2019-09,0.07296154929431808,-0.01495601948792713,-0.020013462871610432,0.028440445031481243,0.008487060904536214,0.06349296163445639,0.1114791261762833,0.039162013897298786,0.057049484100146985,0.010689174694755055,0.03451707574285923,-0.08429977692680435,0.09302308320911479,0.0701534178374974,0.0602474130401498,-0.05845745575394945,0.015313989043410858,0.04436379623057185,-0.06690243119839379,0.009776005417001521,0.03782692085276995,0.08310088662439652,-0.010091128407332728,0.07127239920529616,0.007946537447308888,0.08690121510419613,-0.02903240477348923,-0.07242827551249353,-0.022732743159706414,-0.014257413936981878,0.04498882931207504,0.06733052819785823,0.06305563971030304,0.06142852448524505,0.09198911180003355,-0.02256076328909995,0.038683761056942156,-0.04888826720871886,0.007475059742870549,0.09388639175719637,0.017670540188982953,-0.05056090967135929,0.033642561097993795,0.08480784228446026,0.025711201057648347,0.016281453909127164,0.024250440151749597,0.027822183753509533,0.055543594278432584,0.031104012947658077
2019-10,0.11068444645020303,-0.08388066183807841,0.02946033882255583,0.08733918537589047,0.031215964379349037,0.022962039424477387,-0.04652877741961514,0.1548222461223805,-0.005396354004491344,0.06790994538280892,0.007439640904669087,-0.043655393367495465,-0.026775044629068656,-0.043312914139842285,0.01440808444204289,0.053106396736042116,0.03677001466370999,-0.08016522097954382,0.16280124317064137,-0.038808250370924835,0.012246569187794654,0.023592659965821383,0.018957281547516525,0.0699353750441205,0.020559538148757328,0.09703120303397661,0.006081421450791824,0.10201037896549137,0.023474701269111886,0.060781964573687786,-0.10660493981461494,0.07199161033724111,0.036038235882859926,0.0995421107094343,-0.023911639081393377,0.033478469796837995,-0.011965087622092252,0.054230622965169006,-0.020741851764410124,0.03236904366401716,-0.04576615890782809,-0.0030693990535245463,-0.01669088300085453,0.11633098270001518,0.03084004476858926,0.029677248441517312,0.01103348801888604,0.02086247843103073,-0.031170723421839353,-0.043053705685382804
2019-11,0.07755431336344243,-0.004950073529517929,0.006000576699963567,0.0744843657156844,0.05946243188410594,-0.013716284449110328,0.04672174813998664,0.07899694994202155,0.03028087802035917,0.013611608502266614,-0.01967705815855425,0.015338929409547397,0.22073485529877535,0.10737251097291,-0.0007629495151657562,0.028024661907307458,0.039638400445754174,0.01881492071278479,0.10751858583489282,0.04769962752480028,-0.003803595778292146,0.0649076447436776,0.03576071101193978,0.05475493524124997,0.048489660742037755,0.03253972081756151,0.11369771862074107,0.10799351797931944,0.013587301227403925,0.07976758090504643,0.08357199951708072,0.06555804472647098,0.07192976741130575,0.05029013795504844,0.08586960952589928,0.009087375538809228,0.015606386481320733,0.04089712255562472,0.0184618425722356,-0.034972013993865514,0.05920748549792165,0.16671807353695867,-0.05451660166992012,0.12925855378073559,0.03597877157146612,0.04319990969345544,-0.05997964588533955,0.03883294873434173,-0.04630627305231949,0.02044755141658494
2019-12,0.09878344939775263,0.01609434668283316,0.05039716483746903,0.033144573859024806,0.04174926225250308,0.035668603519163566,0.08364538349219042,0.0856325767272923,-0.05628799754402103,0.017133794440283623,0.02326742491067768,0.02914623600252031,-0.03919189952882074,0.12598072908207136,0.027585361358647642,0.031739454842080184,0.0353966330762725,0.06721589775527081,0.05445505229591974,-0.02230006252591743,0.0192563606910352,-0.012118547785438416,0.11998299563179815,0.05798411619546129,0.06094973200547815,0.031007967924179036,0.0655186859408643,0.027053668135707865,0.026121694264473083,0.009522509724566586,-0.11038279787974836,0.06279371051585758,0.02267456662465772,0.020382928287771218,0.08491822453420528,-0.019645823315689648,0.0023767587288334724,-0.0015346890481980902,0.028856557005395134,0.03547859816304588,0.052543801779626476,-0.04013396091666421,0.03447919007331901,-0.008862576934959066,0.027068598597026705,0.038762247289211293,-0.0033253335445068144,-0.008681083509090803,0.05848604257601653,0.024218567720010187
2020-01,0.05400997996440826,0.08278919054712608,-0.06058250622167738,0.029009828146822514,0.07945441378796136,0.1075321138490748,-0.049452199850183454,0.004802388996765883,-0.005597184201965533,-0.039805959133607516,0.003685821029761005,-0.03514535148493958,-0.04226250822208644,-0.16641798494913962,0.10518060243753569,0.07573766113688207,-0.035952872701934924,-0.052758989292753466,-0.0732366182802987,-0.11566717837821328,-0.021847042511984327,-0.12750954385115187,0.062466644087199485,-0.044406186831525085,0.02056634998864504,0.06817033747293322,0.0646736522474709,-0.10378743721509276,0.0870638027865227,-0.03436494873090423,-0.02299250709380596,-0.06785909582118699,0.049035163299847584,-0.10433810222163087,-0.0861139600439047,0.03946698059994258,-0.03660387878826066,0.12094166414712393,-0.11094510679082148,-0.08472785159808527,0.04814956316387975,-0.04369770875839629,0.07038670390302726,0.11559150946833752,0.06972604237691526,0.034010345365073746,0.04450959278025102,-0.02135600229370105,-0.03444654397306679,-0.10977357286044498
2020-02,-0.11470102595404297,-0.08685764294116305,-0.10393260284292072,-0.1383468861549766,-0.04568795835614492,-0.052647111093394705,-0.06928380050265981,0.14296639313501225,-0.05700658085854693,-0.10257772479941618,-0.09139759881843434,-0.07113617038171782,-0.10199631092234795,-0.17964305637798827,-0.1349006711565579,-0.09262320778869071,-0.0714902179581266,-0.05395786567677752,-0.06419490382135906,-0.11720804863586776,-0.08882916730980672,-0.12045504933726725,-0.09206705711549457,-0.12277125685713319,-0.0909013108012241,-0.12727335084505642,-0.01714421393208987,-0.0689759799324936,-0.06221372013363058,-0.10663265733290772,-0.13046526280293547,-0.13189149011714163,-0.1220062878837731,-0.054130332670076386,-0.1794934299861246,-0.07785875141021903,-0.05948111467742312,-0.06532803849514945,-0.11862085063688244,-0.013242421222828815,-0.1012617744169787,-0.1493744845148952,-0.05158656301583264,-0.12610430159677233,-0.06527882083536185,-0.15037833815142765,-0.04498029771817913,-0.058724135549036105,-0.13138974139840442,-0.16003721493684264
2020-03,-0.06976182629907912,-0.14842647821506572,0.01326508523283687,-0.2449475668861294,-0.026541545975052427,-0.04802983716436138,-0.07428950271808876,-0.02395671287317125,-0.02284680377204429,-0.023339347084081474,-0.02852633679970218,-0.1617999889577103,-0.174969401421312,-0.5020304104143003,-0.10304831942152914,-0.07844753670149351,-0.024004018451760922,-0.12449625845209855,-0.01764907645239433,0.032379459617307926,-0.007939664309476346,-0.2974293887651228,0.09981787164453926,-0.2246148315314288,-0.02491053655388542,-0.02521626537285304,-0.07788596796220182,0.015020668786452696,0.035020571318223226,-0.11550789117382587,-0.4578895447976462,-0.2503348615930109,-0.04255178271842297,-0.06600135298517351,-0.36389921700498273,0.014192238433117454,0.05983240275257207,-0.15504700132739668,-0.22369824060187093,-0.1120810003588062,-0.04134103202786399,-0.17892064360211157,-0.11799338026226791,-0.2694960284442791,-0.13238758165887665,-0.230014374437007,-0.1371685272196418,-0.1750018290354487,-0.015527563456244842,-0.26185835166267024
2020-04,0.1553739580492295,0.1343211138563587,0.031193706603036997,0.16990898135783872,0.13632603356266193,-0.039481389168883885,0.05366204777004202,0.10880109903504631,0.10121317316171052,0.17524491165361078,0.07869191866534786,0.1671737544190206,0.12195112028119781,0.24684960492275176,0.04783877607010645,0.195184514752069,0.18011277053011776,0.1615131076268812,0.17278873428250208,0.013273317402450191,0.08073431095808248,0.01219513794052074,0.1147632227959885,0.07469833640006729,0.14420804335605952,0.10827802326163893,0.11123688254261,0.17999291228568826,0.2689001176660717,0.14559257981628648,-0.05444545494447073,0.13283113881979758,0.1410776734371233,0.012137827268901225,0.36688318929661157,0.06510130276069681,0.0697939874132274,0.1248088037177677,0.2696660709280132,0.049941902711318376,0.18098416294288944,0.11956532459106306,0.04673596481107434,-0.14357695357480094,0.15899974763437008,0.18649341048351564,0.17738717288496364,0.06061737257717148,0.0883193270935092,0.22386091172904887
2020-05,0.08509417006044862,1.204946557820108e-05,0.01739371732140982,0.12097373881050699,0.02539122478324951,0.10574602397186283,0.13358483500536034,0.21465703514180579,0.015102812007368405,0.005489810303343612,-0.016543879235624392,0.022164943057876085,-0.04300211421136835,0.09809734224534128,0.01789210912718242,0.11212703137350988,0.04335480665304847,0.030997626221183516,0.04232905398938014,0.06439622239690568,-0.0012183384473291037,-0.07029863893998445,-0.0062724146925813296,0.01618637347276164,-0.0017254636969438186,0.05510962935135599,0.09320209843290628,-0.03329666996478442,-0.012784941240091774,0.07234379868359953,0.03425047287420857,0.002910473711114303,0.052984395009831875,0.0322220260303121,0.01191904763249041,0.01805281466147446,0.025139613698552665,0.0792837732830185,0.01137188930491373,0.048669152321981324,0.019270690977904792,0.08460474591701206,0.023265751071411378,-0.03382367413475906,0.06446888832148945,0.07795356541519216,0.13032794009201454,0.03541460866580537,0.12836198878378946,-0.002547241562887992
2020-06,0.14738609046680629,-0.0099291070295362,-0.03438238735761601,0.09276032841425152,0.11055943329724838,-0.05504430936472038,-0.005376387899741486,0.07059715944100109,0.027896766208503232,-0.14375477505767698,0.03148742716328656,-0.056417434629046026,-0.06042878465658519,0.0024677025617225734,-0.09146672296985336,0.013722518842906428,0.03833773769925641,0.06931117689976185,-0.02830823321811149,0.11503371467235457,-0.03921208324079328,-0.03286701915878876,0.07342278018847326,-0.03339867811385244,-0.05458789444351975,-0.0492610170837694,0.12599583726347796,0.02681755246446671,0.12956672853391127,0.09472833616438381,0.2567706231130522,-0.008472799478208226,0.03609254236364556,0.05302585996974796,-0.0037931666312925882,-0.01705183744342187,-0.034499223744533514,0.07174321221766711,-0.026935644492531163,0.038360959863056765,0.062456107808666284,-0.049360595592440215,-0.06703226294251807,0.04113247514379337,-0.010791604714722736,0.005750928786870668,0.014189441569051553,-0.008638897492159847,-0.024675940667937213,-0.016494084189141445
2020-07,0.1651316014931159,0.05317953900002981,0.03763106588426579,0.019058749065300473,0.007370748218197276,0.16875587616549836,-0.004487619641630691,0.11760696296045525,0.007498173593997626,0.18825970122992675,0.10351594091637573,0.03995096787253716,-0.0174864976025374,-0.013594058030624634,0.05323058587441287,0.06303857990313366,0.142435396904387,0.011483436117262436,0.026547082625300922,0.2840439789828695,0.054334814264193065,-0.0523439098849835,-0.08460239770306577,0.037441245636689935,0.03647832542820195,-0.20223980884401138,0.020697916005047112,0.037352725559595346,0.1471136218500213,0.0036119192788108823,-0.1380251098229056,0.047578995072956376,0.05682890364903814,0.058302032821161864,-0.10110831994942304,0.07592177414035262,0.08031344299769505,0.04014316293586173,-0.05928494684227448,0.12192197645396008,0.1525194754451633,0.04869518425072372,0.06070816314535521,-0.11127353898075121,0.04929309516723879,0.00172042668491601,0.059798056591337856,0.03305894842795487,0.01781792304105867,-0.05903413785271561
2020-08,0.21656955573359515,0.1054619280318585,0.06268695794625367,0.06914878425039261,0.10275174733650827,-0.00043496814828603014,0.1488359799807648,0.25999176160252246,0.03192071248253403,-0.017931278397628758,0.05498784819779701,0.1097545689429964,0.07746584993718297,0.04796042315053484,-0.03325003249297864,0.04811788459958466,0.036308444849401766,0.11446464778347565,0.03226734268890308,0.15342073079805285,0.03114129322453807,-0.00043754726011180356,-0.007829136271891524,0.03673447516388029,0.05948851822212009,0.07471274724527932,0.15545104020899658,0.04228921992396906,0.09046103369298208,0.09597471144127612,0.08746840078619456,0.03456578099447927,0.03335579035178826,0.07096581812094338,0.01337262343152501,0.0679810946627677,0.07744081834837191,0.3992816165249178,0.014295754365076796,0.19142430281856138,0.0131011617533916,0.12767221973287324,-0.040947335562303344,0.044481056392631446,0.09515095649638439,0.04117175045586974,0.07363729128921714,0.11458799230077577,-0.10360921801951894,-0.03213098291642258
2020-09,-0.10252645486857037,0.02795984926620032,-0.02013239736203376,-0.07481823838374446,-0.06739680772549028,-0.005767375243613704,0.12199482178313459,0.01196662913030555,0.043341364165065066,-0.02884365529826216,0.004771246761421155,0.01716572807509431,0.01970153154608134,-0.17606579555203594,0.039095408671219856,-0.015883727033891848,0.02975776962327359,0.004502278922789538,0.0016148858240974118,0.018396395987610115,0.003711894621527767,-0.02650086568146659,-0.0024932805032207295,-0.03912591152120393,-0.029528536152934937,0.016290392709282564,-0.044722377369140975,0.003316013601709855,-0.08757859185260553,0.059027991456238826,-0.03817956313436932,-0.0575829336441388,-0.04586972051512317,0.04806414636973755,-0.13328047673008026,0.02111274986123801,0.007634370013649638,-0.07823218255692121,-0.1421421911491727,0.058705625378954185,0.04383420327343823,-0.05907327561958198,0.10231518614121993,-0.015726068661384263,-0.10059964612070138,-0.019036196995972143,-0.0205775566257953,-0.005677607335600743,-0.0670296809930424,-0.14046060736029642
2020-10,-0.060012091824583,-0.029568476099935848,-0.09330934316799344,0.0032453260433336073,-0.037369692026133605,0.05505146046093068,-0.0434920499716257,-0.0736483178103694,-0.056328257576454877,-0.03324231090776886,-0.008121028286865783,0.012104473184288755,0.1346949412696763,-0.03984571371320811,0.05957211260562634,-0.10501935653873384,0.07157080005226457,0.019880746240682035,-0.02126566996817003,-0.057132399043662185,-0.03182392479089624,-0.08762253972848844,-0.11863267676745026,0.027835680788299122,-0.07905699873400462,-0.14484352262399458,-0.08835101282419056,-0.14644339273093288,-0.03575408533520552,-0.04032169272685393,-0.12628582724734516,-0.016189390473883014,0.06327783310886548,0.05939852119826505,-0.11778570460241766,0.009315930052370414,-0.008291037288756353,-0.07579980104967954,-0.03472224926523937,0.01931144776503224,0.06599176163178244,-0.022807836149664085,0.040085636097825006,0.19101115952147052,0.10269507709300463,-0.059362492543002965,-0.03960973459877237,0.0020651369258357644,-0.08019502392230549,-0.04981075337934893
2020-11,0.09549313359924305,0.02691240635541181,0.0688740326854047,0.2841119561832095,0.060060347086512644,0.009904563732541227,0.12175184579475906,0.06921176071439605,0.02869359168727592,0.14977459760714695,0.012909952339343,0.1324997388666853,0.19121053096831253,0.3915663127136997,0.052378762227998976,0.09218380608806198,-0.017204993303096883,0.11522235902438838,0.10224821899534176,0.09549449416514322,0.06001031713099825,0.28091269359636883,0.12217027133107061,0.20236662601608568,0.06254356112165471,0.09985704430436315,0.07016326255635197,0.030461475877160193,0.043439868865324804,0.14858543020722914,0.45931163934178487,0.18818535010466064,0.16545098210351994,0.10531675310310606,0.3822508378846068,0.09549249772173085,0.10118926280799201,0.05825109206924295,0.2728457083746092,0.15807160002561282,-0.021390595911361387,0.2207009632936736,0.016047030041622445,0.3719679557625366,0.08556985532985473,0.2197422504762072,0.04011848780488436,0.242049806158676,0.1983290090364611,0.19711643138469714
2020-12,0.11457387671988317,-0.013152954002115691,0.02557496171301299,0.10836131664711357,0.03900593604038782,0.048376363725650906,0.052372793470047974,-0.02556761984973499,0.12075550171385752,-0.03915454439269239,0.0019444042103466952,0.0914103363392782,0.08733083436647293,0.05637524944983574,0.026399309552101347,-0.06552361642734983,0.00218815684829754,0.017860608972275926,0.046386545151048786,-0.015607950171071527,-0.02747883444861876,0.10347333298157735,0.15921768929395652,0.07796069800603189,0.08777992850577654,0.030403339438123567,0.045248383056930574,0.03548908003696316,0.028058383014484267,0.09960857608840534,0.015898584490463552,0.08305800230514726,0.03845433376079188,0.0485627507922155,0.010869015092803469,-0.013070845944350928,-0.05309955984046766,-0.09467041605244053,-0.031314465678943804,0.031354051645120506,-0.010277189051951519,0.22410642399710445,-0.011871532364196802,0.06187943651982186,-0.0010030353262587832,0.14991486654893738,-0.03727960347176018,0.0430558865088817,0.040213620315473486,0.08103855251490621
2021-01,-0.005501583798232956,-0.03141033204463861,-0.05782399482594336,-0.016565436072407014,0.04289197139125944,0.048217799265237504,-0.05570049993861381,-0.004998083887135518,-0.06227791622686163,-0.014111664908320054,-0.072995818350445,-0.09506453549904303,-0.028280529218673855,0.017407254015585405,-0.04085952701982809,-0.03568299654566465,0.0942934505067583,0.015626002761000457,-0.04876254679566827,-0.07957232489890598,-0.058108706937623045,-0.009940328668697984,0.23175766897588668,0.019883906094236403,0.03653595124435438,0.11421111425719022,-0.08268016977370907,0.050060882351767866,-0.01557601223652838,0.02889114452685959,-0.09282441999350466,-0.02177490399452331,-0.028106782527740348,0.009849370841625626,0.0010003097265531835,-0.06462649528324127,-0.025390294224255983,0.013616081197207697,0.008880864210206285,0.07340633917998995,0.07067601272216639,-0.07180699934762125,0.026649287585457815,-0.01111093041409561,0.04263265223536372,0.02828857427008402,0.019577052986247123,-0.08147610551674778,0.0042801551369000546,0.08782165340822945
2021-02,-0.07971193268362708,-0.002076580667003336,-0.05774010466898338,0.1464579555802421,0.004117786787173339,-0.08661390550268289,0.010958847617728251,0.055794195868046126,0.06751607254201497,-0.06713091025351448,-0.03650267351159442,0.12064776371958241,0.2013988572849117,0.26253667061140806,-0.027180391071366716,0.04139618840023562,-0.11697054667796636,0.039712621400466164,-0.004076695936817365,0.024705143830766385,0.010045805260357588,0.2143394082892025,-0.010695542082385434,0.14377878069831174,-0.022570494249613215,0.10158413978049152,0.0019618205977194325,-0.06145727929003819,-0.03532841376742368,0.042996757234393224,0.09176575437145162,0.17065808904309088,-0.009639675988322383,0.18070452570162865,0.3112084626882834,-0.058951823999555675,-0.07523683593222741,-0.04016663176237956,0.1903001444766883,0.20886438807764618,-0.07639585466308885,0.12410061352473689,-0.07999318898427743,0.17415722912866105,0.10646503364563498,0.17815380371929979,-0.04608240371459682,0.04031167798316382,0.00650532938052506,0.23312483522802774
2021-03,0.007339563801751936,0.08731909555198003,0.07088083418856495,0.010276891778591368,0.014588346006539021,0.028987475131367235,-0.014022869181564257,-0.02636950714012598,0.08773832342010923,0.08181515254573335,0.09633284389713048,0.01147828472974255,0.056059758682795335,-0.025797410585464697,0.0959097753379008,0.07138119401702014,0.014582864844977728,0.09705702399058636,0.12392927446569169,0.07704489320559937,0.051537183851719126,0.08017708940497092,-0.08819372452976326,0.034381930194524735,0.0371704039295595,0.05297788310944829,0.03415489640574809,0.10621571728890356,0.00037178414851712915,-0.005502915010263565,0.20145279854950449,0.12020041539952597,0.09204524633603728,0.0740689665132872,0.0184579754778762,0.06489402841600689,0.049854804489128934,-0.021385590914613783,0.04789978030881903,0.07429330972138892,0.02560915706050726,-0.02391025493795962,0.12781902885947405,0.04782128266331487,0.02008496466603038,0.027558849062390145,0.1889865229530494,0.07274543861182536,0.15244049119137548,0.026853032595909765
2021-04,0.07621778077150188,0.05327048347006902,-0.033597214723580016,0.06748305856920989,0.06960150303219326,0.02512892695471458,-0.002031634235232449,0.12445463280536817,0.08476452778965937,0.06679586178271557,-0.008538714492909438,0.04777175163506997,0.08008615503269856,-0.0051488679120775815,0.06451090968639761,0.10632807452041981,0.030347566198841047,-0.03959819695693423,0.07184136811697606,0.19924725762564965,0.004500995357650472,0.153058485362088,-0.021678781501224154,0.01632982220666812,-0.009857149592797598,-0.10109390533773643,0.06935650453196018,-0.03685544354300607,0.12066273709568343,-0.01608948829858292,-0.08012721248546573,0.04755733949294938,0.08666241633993943,-0.01176895506776876,-0.03454784615931694,0.057895808723950504,0.030037471362856616,0.08708162628641913,-0.016413826023665257,-0.008793274299774945,0.12822124755000464,0.008129093123784736,0.04309537457509083,-0.000761319616690681,0.14107987473490669,0.0655963204274117,0.060343949133812025,0.02750258046118015,-0.008412602865515817,0.025255264420077195
2021-05,-0.05049708472772951,-0.003804886773373317,0.018657574161125234,0.10175637528374781,-0.007627259882436621,-0.05534737610995222,0.03103117472062844,0.08228111360227652,0.03892329273373285,0.011943720728790908,0.010718162527040942,-0.0013705619116980428,0.051744420395388735,0.15822552121785494,-0.0242053897583685,-0.025993438587458728,-0.0015525708134711547,0.05157619623710774,0.032898788522961464,0.05772605822917676,-0.022495248760230013,0.03933224038774985,0.09767852269306809,0.06781078785935812,0.046555264190804246,-0.001011410427260162,-0.0073966435706659395,-0.00011241024779196085,-0.07047025525869377,0.03535726541669426,0.05424440632623373,0.0458919634465218,0.07047456599406465,0.05685851014395715,0.09843049379344682,0.016608756050575213,0.019139300638305823,0.03377904455879821,0.019312086452807353,-0.026291323979967807,0.008663332941883928,-0.03961942887464187,0.004912492405164448,0.07164621865636556,0.0014233078110201802,0.0712480906316788,-0.014705955992616593,0.03967930108404616,0.039088685667237,0.034597048716557
2021-06,0.09910884579443335,-0.012398974849444966,0.08319300187486767,0.008136446871187752,0.08498880003985376,0.006109445108447353,0.13212663544153447,0.2316219019646435,-0.011430067256728904,0.01110252186121996,0.0005934403571075109,-0.0181769164784239,-0.014082753197940612,0.025797042170050632,-0.05334786758172061,0.08164039119626021,0.07508454214021976,0.013064996133953732,-0.02430918659863812,-0.030894793923395447,-0.008143042562182456,-0.03060788294537653,0.1490939415236583,-0.05297089264297428,-0.02664688711416774,-0.017156796921113493,0.16064852002322239,0.024417669569695155,0.06735498737093981,0.01745085772905952,-0.030200010464087157,-0.02327041769247984,0.0023045482966121966,-0.09727061608585952,0.09257240890479523,0.04599894883160194,-0.007111145552263776,0.025913521756766755,0.009152856613444005,-0.020715338198717625,0.048527989254406156,-0.01612080885196765,-0.014966917744940966,-0.04194563944277263,0.036039719210558596,0.020187108711304358,0.005180637844543146,-0.05006277978620832,0.001890096991644219,0.08069227688266789
2021-07,0.06498252247538527,0.05073809842916854,-0.011572156923684629,0.054471295404332265,0.05171620945434374,0.06304596158608766,0.08427728263822698,-0.025171696230400498,0.12360525616472628,0.10310845475349373,0.06073135925725581,0.08603880412148568,-0.06674901190180782,-0.09934382476381187,0.055527998066396744,0.04451198806955614,0.07045037752698935,-0.003208018407975799,0.029417939940109772,-0.07986691033939242,0.0067218054175415265,0.014351785331865985,0.060909516001746766,-0.01855070908588574,0.045283402470537526,-0.04310651632078144,0.06145411743420559,-0.00906665107425808,-0.032722282722282725,0.01795161075370011,-0.0546001083835187,-0.06960950092828344,-0.008914668598736353,-0.04489488863172886,-0.0724361486218108,0.08809258214194604,0.010849479934471162,-0.00957954278449391,-0.027973933543242957,0.025176625117899087,0.10854828669671357,0.0014223094032537187,0.06472847052437714,-0.037890006979990676,0.1035062072271411,-0.01225187493058788,0.029163474366827424,0.0658307092609196,0.052000766969044765,-0.08734954783951165
2021-08,0.042489343325847306,-0.016266929702386856,-0.007545409574465034,0.0880393468149887,0.06159160224366356,0.08311025222450907,-0.014913273879778366,0.14821004522964198,0.02283691617024952,0.07615063099662311,0.001125053246691765,-0.02869138865265397,0.07469750601431246,-0.023083973161409088,0.03956166483860768,0.03704568210879167,0.027666201021366188,0.0015213453498679197,0.009824617064545293,0.027715531993568687,-0.013983390613177327,-0.0008942311381675561,0.0641644167643245,0.053827615120846994,0.011375306418748288,0.01286856467979125,0.06767692517054358,-0.05907286953422719,0.043034169499993835,0.02433033026665954,-0.030819480127225796,0.08837309104717361,0.08778005194125149,0.019927352834094414,-0.009454227788028624,0.059969214449977715,0.04275686879977281,0.09647418351571013,-0.03668929191234682,0.04546575834818323,0.0896499904449799,0.029996613204032352,0.004957938358010727,0.01747077417710785,0.07400919943451334,0.1084062283348286,-0.00612444736562634,-0.00408641904944973,0.06592026419098662,-0.03864509537840821
2021-09,-0.068036542548771,0.015371020898017784,-0.00664418900960706,-0.0681797650812257,-0.06611911331186204,-0.06512669285103323,-0.11842916375302048,-0.07455887748625722,-0.022439272500044738,-0.06642073387230352,-0.018189378751140017,-0.06111149331458676,-0.0001372754756139294,0.05706147617919566,-0.0572037807114959,-0.04265206454047232,0.02999503065174225,0.006809401568459439,-0.05803550645444211,-0.06916123770168114,-0.017999981664459264,0.015536281586866041,-0.10546290647929613,0.02338217629292383,-0.06717515920054307,-0.014428374186057247,-0.13255995161329337,-0.05710979456048759,-0.05351810876292584,-0.017550283913901565,0.0020045669312358516,0.021977178631907623,-0.10704126618121856,-0.08962846630340937,0.22042140026441448,-0.01347986576944682,-0.058879086519540214,0.02242979591893901,0.04836241727100199,-0.11100445521264868,-0.060184986097917004,-0.06690570236420335,-0.06755206836753946,-0.021818142493463255,-0.07616933380101976,-0.08580205048028133,0.011493733062188038,-0.08464468394295288,-0.0777703377401856,0.07887023061048493
2021-10,0.05865738272413723,0.01841483060201554,0.17228092758061964,0.06352003812368179,0.17629118724363457,0.08672936430785594,0.15189669144484363,0.23416675293530176,0.10494364580751792,0.016972789438666647,0.02915875696833936,-0.03843734649483688,0.12616680703917127,0.08839389488055227,0.00564789648840347,0.11595927972969311,0.10806367131223316,-0.01860110620112021,0.17845614871616067,0.1722681654548195,-0.007233637055335418,0.10234837957853071,0.10261831379161657,0.044130795960850344,0.008544804571790188,-0.0803302672449302,0.12964638790848237,-0.026710465797301852,0.02660245759664326,0.09638542866402244,-0.05869784267893108,0.12555910954234384,0.12496137981654964,0.06858580464693542,0.10576236837021469,0.09566067679106816,0.07203313530490285,0.10497042783422228,0.1285358556475924,0.021607222397673986,0.024077161539815206,-0.0005910459038266369,0.04529161558611894,0.017858837196221167,0.1074987760073971,0.09343165310697898,0.13245552579760567,0.02986608805913793,0.03524001547215083,0.09605547258126901
2021-11,0.10508191059497674,0.0016535579245182674,-0.1492333712401427,-0.07744699678294698,-0.0012822835438622837,0.02149720544289946,0.011656576143621145,0.27805377808170073,-0.054200400749798705,0.23917773291975286,0.011119769245601319,0.03811405038419191,-0.0544572522203175,-0.10720940899037534,-0.009204978638360228,-0.03725146158570647,-0.0003793739665696183,0.026082854731280358,-0.03528997905880249,-0.06614477621790871,-0.05133018259952049,-0.06246113087312555,-0.023216323076689527,-0.06510076888816096,-0.03639880125450701,0.011064160398502887,0.02996800337253136,-0.031020353351244312,0.039923701306487036,0.04139787860859245,-0.04434136468100702,-0.06927557369413606,-0.04117821278752942,-0.052252052228344614,-0.05853157051120694,0.09732681290037837,-0.05882729250727137,-0.04915101560711177,-0.0027553145494126907,0.009436005051800533,0.03165790386424572,-0.14295853285154592,-0.03973809163299358,-0.09421199004725422,-0.041531003778417785,-0.07828738844474037,0.07766192394767968,-0.07092670684528413,-0.020189573555294937,-0.05934216776580448
2021-12,0.07422843289734238,0.09595268679952018,0.03280030446966675,0.035224722782718265,0.017332719051236234,0.07582374741148534,-0.013415557845168902,-0.09981010200699669,-0.038902531002014684,0.09901364128211121,0.1314152895730032,0.06685519315290311,0.08670345022720771,0.04428156418431217,0.12242229240798053,0.03554737757348869,0.05479932475885807,-0.020273324208560206,0.13407276634997167,0.08050587603919657,0.03361827165738629,0.004185722821843374,0.11361066913992857,-0.003022187632042983,0.09709503714405221,0.046748014376210456,-0.15345223822308918,0.13118464411170727,-0.04925196878828486,0.2094830333771216,0.017538544926238853,0.0052649155012969295,0.016772792467910413,0.06925225469657659,0.03208729359292417,0.052504732969480994,0.0330126036517433,-0.1081905155588272,0.03969166228838872,-0.0046459952876909405,0.023578592738976,0.06894393783447872,0.08133188244056244,-0.004603455497195874,0.020821266797106386,0.00939352432075058,0.04022984049986711,0.031002778342244186,0.15554336948700787,0.022560210119625834
2022-01,-0.015712098221667747,-0.03215576900555983,0.0631526941513274,0.05190085438770531,-0.07534488448488141,-0.16323892416089902,-0.1115976342520324,-0.16745435156402955,-0.06591552075977902,-0.10092120344209377,-0.013838469939090214,-0.15944260082993367,0.0428060783923665,0.30450778035508974,0.013269184382344701,-0.12016623478179023,-0.12879897544649221,-0.041340246669127945,-0.0588879343125055,-0.05659235192426659,0.03678438143672125,0.12130062226083793,-0.11161398157960489,-0.055947363541210327,0.0071314578366090675,-0.05203893274301641,-0.0577716818443712,0.00964575197730011,-0.10282991021845667,-0.11952028653413127,-0.005364602581776068,0.037087135174763475,-0.10116222199312408,-0.02032470568133138,0.22776402878691826,-0.1102166443945527,-0.033727325651885964,-0.08460239639071887,0.11913069910690588,0.09772824055092078,-0.1313639476825006,-0.07695776370296703,0.00152523438537977,0.0001058389544144056,-0.06591912400411082,-0.07285312410944456,-0.11573203891478712,-0.01932760080317153,-0.11633188029010078,0.2413795248619608
2022-02,-0.05406588865317585,-0.05133318116012753,-0.06013755401191023,-0.11507730262961902,-0.03721175192273818,0.007469304087170503,-0.0778010909178557,-0.004124895295142039,-0.06394758529045952,-0.10912883186113698,-0.028419889046626845,-0.06168216825637851,-0.03490193934289876,0.00747828852778909,-0.05833088448538881,-0.0934322878055438,-0.0641665240776973,-0.05292771922139372,0.006982934974407717,0.04816279501656995,0.008266097043201581,-0.003538628024444823,0.022834779814499884,-0.04576058027769636,-0.038676509686595084,-0.015498508205082695,-0.12468649941837828,0.005643500961281411,0.026672518265588474,0.0026626542074190684,0.025469390255788094,-0.04204597648249997,-0.09605787929401277,-0.06935916104965123,0.07579715136722553,0.029511085074759302,-0.03325920583507336,-0.09500056805146762,0.1079866321186802,-0.04351759251231224,-0.039819432101819374,0.03839969989429881,-0.034705519151228104,0.010901979409188689,-0.0018214664925894075,-0.03775250508032657,-0.1393810205202365,-0.06692694389046905,0.0017962335148535846,0.043830500032107755
2022-03,0.057473365359603346,0.010254529972756776,0.08095907794849433,-0.03680824094296753,0.03186160854181508,0.08227935324441038,-0.01232504348342145,0.11915727715076496,0.08898250002896413,0.10289757669619037,-0.019821737784548876,-0.008933412642070482,-0.0017758249350736666,0.052752349842689616,0.11949941568750466,0.09177535809798432,0.08636139914231511,0.07935735244425479,0.07482954297950783,0.01919946507204906,-0.05086641047044993,-0.09199923758237627,0.1457090433537187,-0.0386458586238565,0.07692767459911032,0.03899377979780816,-0.025786857995771295,0.06773244760263819,0.061437285030015776,0.0791536921122249,-0.0674003924453016,-0.06286111144207052,0.034102753042745126,0.1878666355597871,0.05733542917023904,0.10900330388499713,0.10606646238339223,0.0085022723396726,0.13076391056185788,0.15693309330577643,0.0698829603431832,-0.07611473756112563,0.11204077942044788,-0.041124561768647316,0.029694677123527136,-0.027085886857741714,-0.04652364415320198,0.02545444045659484,-0.00017923163490984884,0.05317499492273692
2022-04,-0.09713081892380515,0.00760260346532271,0.08092636868653824,-0.06999898238568536,-0.09986700239064172,-0.16161029699228846,-0.07327566455125178,-0.3202740949142928,-0.10930596716500973,-0.05215386162199653,0.056614589467014476,-0.17950965036051314,-0.21326064777684406,-0.05567647917606777,0.012136775707025205,-0.08211029141293924,-0.06387866143384291,-0.07210580197490923,-0.0027845290446932847,-0.16077589635845768,-0.08002001812243698,-0.09966966036056835,0.020114042654989728,-0.11792322373301733,0.01822488056320215,-0.12046000016472702,-0.13096436405256728,-0.03568781104669039,-0.2375250931362105,-0.11956878358198264,-0.2227676431441743,-0.13440083631798616,-0.18253824596502088,-0.05058055625348723,-0.04479999561869463,-0.07513229789279319,0.027330164557696435,-0.17134512774852384,-0.03783091791214199,-0.09124811849492631,-0.14386521708153943,-0.18613310817850615,-0.013433733405619375,-0.18524587914123114,-0.17946688757070717,-0.07455310875001331,0.0035743951538032004,-0.005498718553125337,-0.11557721616377092,0.032207291444040775
2022-05,-0.054496108225241646,0.012241199898927801,0.0376593258996305,0.06886700855200134,-0.018077327100064933,0.0718265635569566,-0.04691255014326645,0.006739850070557329,-0.02016344796593006,0.0897194912860324,-0.07891619802563776,0.059122230388660046,0.060092779256218476,0.18245155636636023,0.04048118389919786,-0.06949111515640316,0.026495589819365062,0.04529746098055054,-0.023144225597286017,0.0213019822489644,0.1077753375634749,0.05478369204322542,0.07656266039319792,0.10782539393335844,0.0012393197576969772,0.027096219701184365,0.05184997637672084,0.10983648799279155,-0.03276431760316645,0.04642945208036897,-0.11717282229579373,0.04260098981496463,0.07107678339406931,0.025221040923156357,0.18157969544799557,-0.12318503580306661,-0.15616998593750642,-0.08923500083776503,0.1239986636458017,-0.05236390493826937,0.05053164837394952,-0.010660073932511338,0.030659789543190152,0.050167691576553874,-0.0030453101623525436,0.07647269137867063,0.007822907214296348,0.005701095864570682,-0.08023675886937764,0.13763472135394128
2022-06,-0.08142955503106708,-0.015708112870336022,-0.0012372797558244386,-0.11701876932010313,-0.05532046571982696,0.02338469164323409,-0.13796209216672317,-0.18797124517919983,-0.028503696035730997,-0.011500915286590141,-0.027657412534010883,-0.02687918052015925,-0.09871617607587113,-0.22193226033927538,-0.05749370010731136,-0.03553868315016184,-0.042235131435476636,-0.13074216751469048,0.03760568662403285,0.0015913251711341392,-0.010528531527817298,-0.14419942698943822,0.03442422988002214,-0.1483778178185745,-0.011251700995122405,-0.1578119226160416,-0.12106226492917938,-0.05234870721172802,-0.11645921262241288,-0.15564178718077604,0.04048712002536159,-0.15835232514280784,-0.0832182631450521,-0.1718322989293557,-0.19449192052652564,0.028012504160103147,-0.05480821455254037,0.029955147765021506,-0.17107527116965082,-0.15990666390294095,-0.038064054108135625,-0.1452372359598103,-0.0471912423636448,-0.1857707169239663,-0.04218453945804734,-0.09126510324362369,-0.08834944717007365,-0.1023137324693989,-0.05349636552608261,-0.1079166995808798
2022-07,0.18863358549492837,0.0667938098303269,-0.02007249340357642,0.11884455065555422,0.09309641287285975,0.09075658758238236,0.12446185728280157,0.19816605493996398,0.11905108634476047,-0.02914481553822512,-0.02766674199753627,0.10983133990805771,0.0929093293714156,0.03551471924139982,0.07824967242679315,0.11828748368921271,0.10147655711714476,0.17193759655016305,0.05589605846202361,0.06765634238176155,-0.07840147746608928,0.11999010600539939,0.016839750786840968,0.03348203391812743,-0.016843910404719664,-0.029403562589326193,0.12036277619092006,0.01713919635126593,0.27059597129750057,0.10224161960625322,0.16522817536714518,0.08609082901397391,0.09874551309608903,0.116753137193643,0.08484567776184004,0.1313519711109159,0.08611604133265405,0.11500256764771377,0.13123350365161524,0.14595811208427345,0.14969236465048041,0.12394056509812623,0.025370753048895578,0.16082913349526362,0.06751832431163596,0.12244967570513299,0.09723996554761705,0.10730106254331129,0.0736013335908241,0.13183103700020027
2022-08,-0.03120794672911853,-0.036864914456883,-0.04454875397713176,0.010913330851405334,-0.0666630754427211,0.01162885764170185,-0.07370351234982397,-0.16896985036940382,-0.04740453855599924,-0.10453373028485469,-0.006983145306855176,-0.0027244729670884427,0.03075841795077694,0.03024597277049379,0.011167841710256976,-0.06354324174864923,-0.0887184834109539,-0.07647135425798846,-0.04242713346000848,0.005526577382192199,-0.09482558346241388,0.003210083174080669,-0.08334052145963766,-0.014129558467891434,-0.06930998514965137,-0.11202866688223112,-0.08943722108769736,-0.021474238748411367,-0.06061504624052039,-0.06792032924130142,0.005900461087261721,-0.005915488896589105,-0.004168974540080583,-0.0682974856501164,0.12842254483861537,-0.03547009786000621,0.008158232866298798,-0.15161417260229093,-0.026156015654630216,0.06431015113471283,-0.0739696733181503,0.05636207495257528,-0.01850991971936089,-0.006359016459738354,-0.06963546892112638,0.005374033517700161,-0.03534990720498743,-0.011246243845078663,-0.014326631466226813,-0.004242726403472341
2022-09,-0.12097710870685008,-0.08538123038441092,0.01703682353060132,-0.07287000838541358,-0.1092667855457583,-0.07818011161711103,-0.21692094909999216,-0.19553425106937294,-0.17639924366754067,-0.03250068595389666,-0.08474701190988154,0.002259901293802491,0.012967099140650307,-0.054632296326351804,-0.11768525484665793,-0.1329717666917054,-0.06942369375317914,-0.06313206778837233,-0.024464859716205822,-0.1695028158555768,-0.09184406389125765,-0.0798444523871713,0.07343237263955804,-0.08115709879870192,0.01252034763531329,-0.19266914719661676,-0.2630676670740144,-0.06200590026936326,-0.10862189009783763,-0.10293696733674773,-0.24443056579685063,-0.0955375450090018,-0.16806805146966886,-0.11168879776228435,-0.051515557022308145,-0.0954416017077192,-0.02150129286994784,-0.07865729922671216,-0.09104127384784688,-0.08286290170143129,-0.04215205445278447,-0.15836899306513819,-0.12992231071978444,-0.1559526288738673,-0.11615225026241549,-0.11909716175343144,-0.043270228844128344,-0.11819396852931885,-0.10554574531188787,-0.08661973266421419
2022-10,0.10955164885940172,0.1816760949345253,0.17510435007049208,0.05008036528610238,-0.003306075220847249,-0.011605628040368021,0.11501411690728469,0.11187088351363284,0.28494049892604756,0.06375686094613942,0.07426338845936686,0.027652614839254852,0.10852917991851685,0.44930350258258356,-0.03705902116412907,0.052071156475426816,0.013367942862660076,0.04607036274147669,0.0992198371923354,0.03856630966441954,0.0007844456157191093,0.14346106736004383,0.11980804323056105,0.21537065337404737,0.06494847196692355,0.10322079608869883,0.15734006494300012,0.1994234553983958,-0.09345130582826322,0.05880495852250367,0.1769903563900086,0.19337747749335543,0.17378396232610793,0.3280621549871101,0.23206942743404202,0.06380955513564612,0.09737854090939124,0.13035324362975498,0.25913574974686204,0.1854802019747699,-0.025630081082889444,0.12943901833486104,0.0017200408187387772,0.2568242316230731,-0.011918594645056735,0.17560136500468393,0.07316823734674638,0.22189633632176964,0.14629977247898496,0.2691555890943149
2022-11,-0.03302764427751059,0.00611141110141511,0.08814266882726973,0.13265190778488645,0.10222303280957545,0.09845351590660667,0.183534977291389,0.2541547757988909,0.06353279725703098,0.08613663469486466,0.10759653801536984,0.187058111507876,0.038893793405263555,-0.009225346455095429,0.04392173208296035,0.10082173253672821,0.08998575146103316,0.12345116776447718,-0.013311637615772143,0.14147243872175386,0.04308289042359692,0.04933280188186817,0.027686983955855338,0.0977122758227904,0.029768891299083222,0.071970589884085,0.0829827085581829,0.06666410543297507,-0.05759470309709913,0.17210496757292004,0.25521024333652575,0.05022185300133408,0.1085139054593327,0.09216466871767781,-0.016717921529562196,0.07527405476098581,0.0708915199067981,-0.014392091358393588,0.021160525394178453,0.11414283045827145,0.08638287920551502,-0.0813777754550773,0.08355925022334909,0.10487095914586675,0.0685643227300774,0.1282181011481709,0.10069895095403147,0.08138982727173483,0.09443109817746254,0.012871980284161921
2022-12,-0.12227263439447456,-0.033945440708326724,0.014212366613513883,-0.08649401021357539,-0.06004539064828418,-0.01298711965741084,0.07000775689933758,-0.13644133274182202,-0.015536648898178518,0.022142403080163575,0.016089889298663396,-0.02935427321477513,0.00872326556806291,0.04059566657790459,0.055736353417333184,-0.05062350861809772,-0.01649495931085576,-0.08445065840830868,-0.02911068027981456,-0.08375062477357598,0.010774598120766754,-0.13889463173918437,-0.014120885183471765,-0.0295268539006438,-0.0075844918968216435,-0.12105090017758657,-0.02435275005029791,-0.08296096619309057,-0.1298943525647971,0.023166050849508624,0.06490384779426561,-0.11985118403259198,-0.0034704480732211662,0.013324445548709152,-0.03865138162514026,-0.15345380818511634,-0.06623463411275343,-0.17260548046136748,-0.020838833533318946,-0.025035383643172926,-0.028286826487112338,-0.11229194320601277,0.0306215260495295,-0.024416214146045778,-0.1263490639226017,-0.11075979755773024,-0.02509324514811051,-0.023912684150694807,-0.04183441209084349,-0.00934085418636088
2023-01,0.11052110456670783,0.01468530403657553,-0.0319061111492327,0.15402305370233016,0.03331659363426098,-0.10729653279063844,0.08819763401743619,0.33686845175949576,0.0862699519603285,-0.13026131950679198,-0.05467487966506368,0.10020169883192809,-0.07014192719050893,0.06584371247277265,-0.05223349108892672,0.11942443672500813,0.03566442951968374,0.08021343662821279,-0.058451863598286025,0.06552013802879775,0.07166302193598661,0.1351416349040555,-0.059288205095558655,0.05140824947582612,-0.07489361483528423,0.06923954329654891,0.10046651912528914,-0.0389886934006044,0.22773806254069018,0.0462863144538741,0.11816890050771578,0.07125607103464549,0.0713769574938865,0.05816145340854284,0.03279671464515199,0.11969335325064123,0.014669576320831101,0.26683772225237545,-0.030475305393774188,-0.01380738857087771,-0.003918146301828074,0.2487338361705751,-0.005243267365920401,0.2303959727713547,0.12025376106601682,0.06532078155203358,0.026309225964099126,-0.027158063271308097,0.029783185850090765,0.05176774363282344
2023-02,0.023183125026458695,-0.007353212975935497,-0.01089284372956989,-0.008527817472342769,0.009017808446577735,-0.042090190875518796,-0.06706974312462277,0.18830974639315667,-0.011982945824487778,-0.08129530671105356,-0.033853233564629326,-0.05990884699552734,0.009589372332462265,-0.061745359362330055,-0.05854203768982846,-0.08761595118313237,-0.05009381051626749,-0.03250389476729887,-0.046575394530023684,-0.0061150306033682655,-0.06639411438701082,0.0042318984832661055,-0.09275933747150622,0.024221088122439394,-0.05542567219395633,-0.10708523525234814,-0.1252632299767431,-0.07407702201859967,-0.08629878923214462,0.01586295743219468,-0.0537558542170995,-0.033258246218125564,-0.09191109887516169,-0.0504974568545824,-0.14818950561710365,-0.05109592037951438,-0.012094318870578435,-0.025957057197923072,-0.06797348926152391,-0.00851376783347857,-0.06373417966328365,-0.08185069825936142,-0.0705306996825229,0.05255962208860443,-0.0888304578736333,-0.03870852696579141,-0.08523302429123092,-0.07667789183497409,-0.005136774592215065,-0.0452912961624139
2023-03,0.11864862781650509,0.059489668285066966,0.008374031070431442,-0.09015515090749071,0.15588151909597792,0.08517551881814978,0.035353770870727885,0.19666220414404356,0.06315804003462455,0.0056693411698180984,0.08091008434541669,0.019982240476630553,-0.32777207460473323,-0.07724129168623373,0.10339352661594847,0.010463204999167308,0.0645723450095208,0.0849230983240874,-0.0035020563873058297,0.06301715491304871,0.0020614085990431352,-0.2007698067881153,0.10346390574700215,-0.09096629014722113,0.011353160421131214,0.31046900930277066,0.18959710015662457,0.04355526329004489,0.0961476943206232,0.08727644729002626,0.053981589974124056,-0.16077260584861297,-0.022428840260270255,-0.04470871051487524,-0.034112962358893384,0.026209184673239516,0.041682832729372565,0.22107455144219856,0.014865741939564803,-0.012089260129788615,0.019332044945352678,0.005220335326325598,0.023445663585347942,0.12960251560981462,0.15178771771897193,-0.06312453648325922,0.002418248540894341,-0.0018800902205285963,0.07971929546162126,-0.002274631611082989
2023-04,0.028987205143701678,0.05772340207531257,0.08534635579010086,0.03358979615191626,0.0657649999214387,-0.0058382823029256015,0.03326827984737468,-0.0010080228086551957,0.02364009431335301,-0.04681390491214099,0.05830312003330684,0.09757045598729919,-0.0026728364209499533,0.005091859247264852,0.05705663724845822,0.05165764840045961,-0.03725020149759661,-0.10112370244467006,0.04126200906535327,-0.07309658170275857,0.014981347457202032,0.06340312400393766,0.152699055998885,0.0691807464209997,0.05612899607560218,-0.049280554367206575,-0.02026623156330265,-0.008314415397651098,0.02091195675834423,-0.023443603493720655,-0.0265969688428489,0.02377623345550517,0.003108541793949815,-0.03868356753794833,0.037093016481472674,0.012780234721067485,0.02387240776144295,-0.007057785585575904,0.03321894099308964,-0.08443130043539526,-0.060030026464178765,0.023669185900826006,0.024982029139907436,0.035250972330795216,0.03480179831168018,0.04992225110438375,0.01836549421541367,0.04562583396292674,-0.0894239561693696,0.07915382229059875
2023-05,0.046058377845794585,-0.03597633439700931,-0.04382089092139896,-0.09125258156913929,0.07110557553728247,-0.03521519381887117,-0.16934984634557904,0.363436622047705,0.11845451467896795,-0.0117919401855483,-0.0887583584188838,-0.14142813863663062,0.013945093122432972,-0.1321176182409658,-0.042688751806904124,0.01594311640007695,-0.08369077867075736,0.04795852501327036,-0.009855845943060881,-0.062318291841223616,-0.08241044385870422,0.009343733154763223,0.08770037138369502,-0.018301540460170185,-0.0456327636546654,0.016379508098839368,0.10655263069834309,-0.07094419463530699,0.14348037288458837,0.28964068841494783,-0.005222951143390886,-0.050888061544926866,-0.020336820166777403,-0.059643600477923386,-0.029915836867002166,0.01869338213368299,-0.02346222405766807,0.1260776583696721,-0.09778760734546998,-0.08475746953955055,-0.030771027721700484,-0.1418536321204933,-0.0877383381803456,0.02586645434052448,0.1446805195780574,-0.04971418691355334,-0.05007479236179235,-0.03620251417122855,0.05121692039350445,-0.12906321697423695
2023-06,0.09432993215196084,0.052204522984913515,0.05208728813739061,0.04452057242778529,0.036998497825049936,0.010073336820842549,0.05199788742303202,0.11821033901479683,0.12412677044503861,-0.0352446104476376,0.06484228699056516,0.014543144987236634,0.07572601336951834,0.15309677532231292,0.007168619943921151,0.09106515176393293,0.026820819277201924,0.03531182106537112,-0.009496379360862006,0.07335305644269052,0.043782980676758454,0.07209231832085172,0.09202274600361182,0.07169678800619361,0.0674579836038629,0.06361323785270856,0.17042049889471578,0.006209047619907704,0.08110796675057008,0.07932493846327704,0.026543542998889835,0.040623824756782945,0.058813093063716515,0.1958688988929136,0.04967294179584325,0.05242799159701739,0.07019816155726533,-0.05425728486857595,0.044682041742589496,0.17476101462632965,0.04640836008183413,0.015006697983999562,0.005039655628602535,0.08194633988020317,-0.025799607720649598,-0.004198760166694515,0.0959254853384095,0.08298558925098809,0.04167528594661141,0.0496182783670196
2023-07,0.012785409161544248,-0.017459184555611795,-0.07574321609237789,0.08204725826022252,-0.013566486466100813,-0.012129382308401215,0.00018115420167985619,0.10465245774759246,-0.012163837421981682,-0.005950008437126675,0.036541541215405315,0.025338255250473285,0.16619604885303207,0.18770351103163385,0.029750589083543222,-0.015914490457110575,0.051576331186123925,0.006914344200677824,0.05353267493401992,0.04396106967767199,-0.06721991300126795,0.08153708350389932,-0.030768923472896392,0.09354272934287766,0.01214323725414812,0.06967698469069794,0.11693489400135704,0.05463464684740016,0.025467873963526566,0.03599138684472725,0.1311327995888596,0.11537132975596642,0.06903088268264912,0.0830446946477168,0.13618383746732987,0.041401947466089384,0.017050586163641412,0.065085708791212,0.04010158034833933,0.06024343405141064,0.062750122772818,-0.004368194512838874,0.04323592043164126,0.04073260011081348,0.10877197176555398,0.10333596152823898,0.07468450878312649,-0.06443401891079792,0.013425301050105531,-9.326143194565706e-05
2023-08,-0.042383891154783915,-0.03594283010190524,0.021847219190591183,-0.07000880744071969,-0.022225744358887245,-0.08236290817209502,-0.07863023521208379,0.056196410520484186,0.02695561613743891,-0.01885760557220073,-0.0125402857956175,-0.03554582139728191,-0.10170406755085448,0.010627264976120987,-0.05402429083728921,-0.006942826216720377,0.015383001367210936,-0.06633320910356699,-0.05883050672854906,-0.08654320120299064,0.026408564088501008,-0.09850637276290442,0.22184151911949046,-0.07362632993927509,-0.027911938901803324,-0.01407811891294275,0.02411345251003838,0.10363852799346396,0.0323907994336623,0.026973682938613353,-0.06204733910618321,-0.09659640918516321,-0.05185057410063143,0.060187862522673496,0.015528856379061429,-0.018463726865465935,0.02081861014912878,-0.015777109714585347,-0.006182038019974079,-0.04343582440637117,0.038971110994053815,-0.05861180369305652,-0.040762525885812084,0.001925819341835222,0.025994480585080693,-0.0714514305728795,-0.004285942531422782,-0.026587603138360838,0.10203677044603943,0.04533256425835486
2023-09,-0.0886780962729905,-0.06299131990000961,-0.04889106955046629,-0.040868899525622115,-0.03664270740879372,-0.1423653009814192,-0.056722838706001366,-0.11857809228518656,-0.12019273576592748,-0.06246462417264653,-0.05494354687660907,-0.06332106920661484,-0.07185111404571576,-0.007064817840576776,-0.04444128532423541,-0.06511284928264927,-0.09079692881397816,-0.05384998672053665,0.06205219807818052,-0.07987014606962672,-0.0734706302698721,-0.010414252753739528,-0.030801395055889635,-0.008952364540470437,-0.03667753554587183,0.01166761292897478,-0.08838994276331213,0.048451375827962995,-0.07890726899285905,-0.09512110136835883,-0.1444003315617799,-0.0449948564267707,-0.07045974344218164,-0.02891899295997813,0.01152064666679009,0.02854625609567152,-0.016481269857616,-0.08434930695433873,0.04667891033141758,-0.07842945796402034,-0.06377342433568878,-0.031429236670677874,-0.006080991214140297,-0.0334654510155471,-0.03899520093134201,-0.012633040505629411,-0.08519516257214177,-0.01702675998532821,-0.06259821283835643,0.05746925014564508
2023-10,-0.002569960228824053,-0.004820783739544421,-0.0024284217927470486,-0.12225398181247937,0.07081545275784484,0.017629644069849792,0.07477503099983052,-0.06250705899666986,-0.020219225024391774,-0.07868553887247909,0.035081254441702736,0.010627849983497972,-0.052094870157088136,-0.04528300646197614,0.03986408897158866,-0.04405982639552508,-0.12130316386810724,-0.098725026859517,0.06221844067328508,-0.09379606912776683,0.10706118586732516,-0.026676622635461555,0.03127738679277692,-0.03402229579808236,-0.047576186203620585,0.026722906890187526,0.04345950956533673,-0.04859365558347628,0.046963447626806376,0.012990903643989249,-0.025354682477388035,-0.03798388279213305,-0.05291648180618358,-0.167699480412016,-0.008347256518513535,-0.022160800488913224,0.02175954296195015,-0.009616477047139527,-0.13574890005911633,-0.031851198416238846,-0.12589177241272276,0.00666260910165728,0.007137847674050679,-0.017367654357852813,-0.051811176497006395,-0.061686783290334724,-0.05781696501694489,-0.008011212183773209,-0.02331650998088064,-0.09976187375259671
2023-11,0.11378011202734561,0.08146914383253079,-0.0021422647986168997,0.12030501693794782,0.12294543311769957,0.011768747311613037,0.0729785542470569,0.1468856886556409,0.12388763170543071,0.010497606236650414,0.023262038423825793,0.0824549355602604,0.1837148441206049,-0.06503784306230798,0.0652925721425901,0.1930189245088454,0.11464344926932246,0.07534716958596888,0.03250816062048778,0.08591509953966936,0.09109025238636481,0.13119221226569366,0.06896549017664344,0.12239337457716282,0.05095399015847324,0.22868443783930892,0.14838554405386728,0.06280851733810677,0.0976782655173829,0.10026502591447484,0.2398565239365813,0.16679401009182193,0.2269384410399955,0.1091352637539833,-0.022283566220143936,0.07491798773030878,-0.0472430393946508,0.25429483694437094,-0.004286948989924655,-0.0025999885629225394,0.1629517503981015,0.13604603240507052,0.05014918658465284,0.12123716634001691,0.06810131791503582,0.13416718394151728,0.1085564759076516,0.07537289221311716,-0.071935563604969,-0.02050556327147346
2023-12,0.01358256853517581,0.05205073293652229,0.0715203946841323,0.17532153993851218,-0.0075743120456639446,0.03811311764558356,-0.012101980844635318,0.05893416764148074,-0.09276303718831491,-0.05513604727796806,-0.04546654019317253,-0.033131951869469045,0.12198299804837709,0.004828081675231077,-0.012116129399208031,0.05937533023033503,0.07138243132541344,0.11623319966038892,-0.04467507945501559,0.03706883158173091,-0.016436268334383164,0.10383525236151492,-0.013738471643541916,0.08982569800830298,0.01344893675045089,0.12416102913298444,-0.023583957626512553,0.06816467677472327,0.04004385139407618,0.21134969962791272,0.1253291808804471,0.10429639713268135,0.08783889053644578,0.17928373345601067,0.0043264417167929725,0.13893209911492876,0.016349879042528048,0.04462098579355156,0.038718674435228806,0.10133860775633696,0.037027910763642646,-0.022718145087810004,0.05158205921959258,0.04852349365205133,0.05402546234222427,0.12950162551886724,0.10545800034636854,0.07038589375246462,0.04423310659602464,-0.026863701121490058
2024-01,-0.04222722189995509,-0.012781986370364984,0.10787029035278484,-0.05528592933278331,0.057281145441291814,-0.034738189958883225,-0.06484282050292611,0.2424175834001081,0.06357599400549052,-0.04524114625354825,0.07910766148351023,-0.031038305593908966,-0.08546512963596042,-0.06418136211875292,-0.008556794158481651,0.017774493319752116,0.015429879514946343,-0.05324675610458729,-0.02797880616011328,-0.09750050130195198,0.14228523805575644,0.019504110036153044,0.10754488503712989,0.031364881578786585,0.013780761501692496,-0.14268646575293564,0.03550126479662685,0.09110480296514134,0.021455801332457725,0.05711094618647272,-0.19036296201506397,0.010097877844977843,-0.046181352451974744,0.020398576606806884,-0.036185020277200386,0.052720714435572136,0.04820811446283568,0.06821462609606166,-0.011598200245060308,-0.015730051780866616,0.037045092742158836,0.06379457596533888,-0.01246911688397867,0.037530319112503374,0.0029350150076858927,-0.004562167858787269,0.01849664859597744,-0.035525287578663245,0.0009989490703314896,0.028305452085026106
2024-02,-0.018543154992573085,0.004177960778901424,0.052740478383972444,-0.01375508301500128,0.04231827523096232,-0.05005699781477091,0.023638338779413903,0.2858094081170013,-0.00017901754777871481,-0.01920238044393119,0.01145451495296368,0.02623840575155234,0.06561491730880942,-0.001944198421907517,-0.022412844993505487,-0.04255324896394552,0.05788694084831425,0.04502853373171045,-0.0354477019184849,0.056537169373323204,-0.05501788627246573,0.11559304283230887,0.16943817104429382,0.06710243448103492,0.02331855751984757,0.0022326083577801636,-0.09307520035156125,-0.12183964860130458,0.1389175127740745,0.10211014473702162,-0.03468533120878692,0.022145654031968443,0.04782325917838959,0.11205113489091545,0.013165477743993348,0.07210407756905712,0.06402414944557444,0.09865154294922629,0.0423162210070287,-0.07248848043526379,0.05514552707879905,0.1616865745821745,-0.030865037269196094,0.18479073104162191,-0.011706033056126941,0.02030393702404698,0.07833758335338703,-0.012052276089562275,-0.03607027321211942,0.026080821177828284
2024-03,-0.05128633687313322,-0.03534302829066138,0.044333224915877656,0.09437469137469101,0.017116376920312204,0.15799969029698713,-0.09250689596175432,0.14218125137688942,0.12473149559473584,0.04480421341582397,0.02082564766320938,-0.03698627873986193,0.08325843799621957,0.13407802663789026,0.06676572037081119,-0.006839564170215584,0.020015461783302158,0.04111648128915224,0.00617942848991393,0.0024959016298680137,0.04847596761456008,0.04263348134291456,0.03221528654271899,0.07653441437674147,-0.019766935324597723,0.026016233083673512,-0.09937891818709865,0.038308495308180035,0.020479805886374214,0.023502315146164188,-0.052670310540174015,0.09849368135348002,0.033935869404902785,0.09722695771053735,0.13097565575524528,-0.015136687238780588,0.030113006566368172,-0.023465370579787814,0.03769513678247294,0.12932667811987297,-0.012437046324052292,0.09661233497231803,0.05314148997318502,0.11880926468457043,0.09006224741606172,0.07361539016111784,0.01388370821099949,0.03280830627895304,0.031838040463743944,0.11213162982028257
2024-04,-0.0067062598732718914,-0.03160108384557592,-0.020689560712619293,-0.02634388789186748,-0.07461020980422906,0.04787981943313846,-0.018301564804856563,-0.04376020469630204,-0.09149688029879033,-0.07675660362754133,0.012350096564337276,-0.03173216721101757,0.02225604312927132,-0.13373463141911035,0.024533107501190976,-0.022611477286144877,-0.021489701021541685,0.01268584933209782,-0.022235653565264357,-0.007737532562620775,-0.043624864666641505,0.023464477451441867,0.004036118154362001,-0.03715201481889285,-0.08597264046888609,-0.31016523950801467,-0.08277847607215671,-0.036508149452178174,-0.029825949313549094,-0.01896761014937509,-0.1303176767677966,-0.023997917257356782,-0.09483029477503946,-0.08361861003864324,-0.013042149419509985,-0.011697214132437295,-0.013628033636627679,-0.10704556763371587,0.022378547776751523,-0.04706153404968416,-0.012413972330202805,-0.09202354548416602,0.016027536378206086,0.15718796821111547,0.07851315361753142,0.021595008770049606,-0.128727891876402,-0.060998751692028286,-0.051015319268071124,0.01746384157773795
2024-05,0.13022233716953413,-0.051823911806671674,-0.02847871753853848,0.07705858592992998,0.06819088759202963,0.1948633887690756,0.030240584843698848,0.2688710584869227,0.030241728047076144,0.13552746805152482,0.008210772735692595,-0.08657911353590786,-0.005807052578455707,-0.03348779746924957,0.10032029872659187,0.030263667024987617,-0.0013012030699965926,0.11334042079178186,0.02412645409735492,-0.047487678797769606,0.04203584113889369,0.015921810437312667,0.05202718318510846,0.0567956625699928,0.022585226509420853,0.016583726214154382,-0.03904236400166605,0.12441525283455124,0.00822858537946436,0.021749174951084527,0.05821022691630806,0.08051893073399996,0.02304416748799265,0.011806101093207566,-0.06686032550948073,0.12033483218208918,0.11183855752347327,-0.12828145015328074,0.01654913494424215,-0.042538395397602624,0.04127803572794453,-0.0647165488206477,0.06459847188008849,0.02051636012603253,0.059712478670671754,0.07633441868970703,0.008910098444182113,0.054638660366066905,-0.010217121096055104,-0.0004866325051338105
2024-06,0.0955525097895622,-0.009252914181843042,-0.007960477620875595,-0.006643479056351542,0.0766507471996638,-0.10936430912668094,-0.20395026893572,0.12694301347917292,0.2048810009505455,-0.023726441492610384,0.002309507579575376,-0.02954353937613441,0.005595205096087463,0.0346652331824282,-0.032068836377511345,0.04325040302460503,-0.025710744871723756,-0.0024614126323736496,0.032400824346207946,-0.014971429449940454,0.002187134793218748,-0.008845053437650074,0.1036643011494307,-0.0018260196847545984,-0.0034771620813400794,0.003889728738131204,0.2490780776808068,0.021579140010218323,0.09527316552932019,0.21232024450532805,0.02477334542741927,0.0005473044555939222,0.026529481609187444,-0.016010819332555992,-0.01802873825638729,0.04951270867342039,0.02965346118855905,0.09665585017963974,-0.03622921046495131,0.0008895758042080093,-0.02601919640093031,-0.044461520149402634,-0.03224855340757804,-0.037362145979598416,0.057153980141434024,-0.009200074393048818,0.027980997814448072,0.05613537380393541,0.021720381233484076,-0.01824990900958956
2024-07,0.054410894093612994,0.04143750296144266,-0.08618739907293527,0.07149270709510458,-0.06398927024399936,0.0788024992400409,-0.006766548852661147,-0.052776578266402696,-0.009605350653794087,0.10689802296896667,-0.019361821375448507,0.0012842480671195755,-0.11534809938844137,0.0235269610411597,0.07670491707666605,0.08683854476051067,0.10911401615817251,0.054525348758081016,0.13136718359669164,-0.047351187467917666,-0.0013793099087419103,-0.0008418703932643323,-0.11167681864980628,0.05794106921759856,0.07998077872106868,-0.0074265350905735605,-0.007002112840004848,0.06407426083027135,-0.032445041513381345,0.0007910779018869274,0.047195274193347014,0.013577932640460144,0.11327029695859969,0.043560261693599944,-0.027802123611972984,-0.03155278004899742,0.01373494966983313,0.008178826971539044,0.025891877123187967,-0.004416070239541159,0.10898517951164544,-0.052047117967305656,0.09019247024568644,0.07245434150895091,-0.05824881337120014,0.12537592635684347,0.06948649790270811,-0.04116323426659518,0.02852210001429012,0.03014237154601962
2024-08,0.03235345701381975,0.0876415130258914,0.04702551548799527,0.0038754979531991918,-0.001095106996581774,0.06075978997497811,0.11301096309827718,0.020082186986058126,0.013194673899779907,-0.05009827618529761,0.06705648381145601,0.22054634498667847,0.002611709420368147,-0.08904535237998445,0.04307963536549586,0.06073909645828324,0.002820653937654072,0.05166580389398945,0.024368185894430905,-0.0014056567721761892,0.03109570095765868,-0.007134033525388772,0.19532159555963458,0.05639094137088896,0.058719710124582436,-0.27847058573763883,0.041257949285225415,0.011081991509518385,-0.0453524222981363,0.013318493470579451,-0.0884575029929161,0.010915457804788309,0.028876221093656174,0.02859607979792944,0.03069341484809951,0.08562027932660699,0.12835288575901393,-0.022797269159716138,-0.06770216429637099,0.036991099107625436,-0.028042102779266553,-0.03532929239200833,0.052554021151236974,0.0259695960138131,-0.0475690127296412,0.008326929493395863,0.00700298829343593,0.020989546084677624,0.04313718812523648,0.002525640750070224
2024-09,0.017467299869756925,0.06104747389516452,-0.034868939248553055,0.006080640271221016,0.0315480785122606,0.049931847143473096,0.06570215286908732,0.017428115338762096,0.20603010487961426,-0.0024128738438403685,0.009677124876143361,0.030876628343236234,-0.004454539433731086,-0.040132384217590245,0.043749911902410954,0.006585542312297354,0.006329468979023867,-0.03625084204445039,-0.005840008425240573,0.06059902729208533,0.07491631073503968,-0.03386336347120111,-0.07716501732245207,-0.06201064599973727,-0.02291098776191025,0.06442822640469648,-0.09858802335489258,-0.03480814981957758,0.043865556476496925,0.06293661096565217,-0.12489934108978173,-0.019909315665713856,0.05912446831164431,0.09834322812700869,-0.07478685215296321,-0.00656671128578834,0.045578156138700754,0.08398473185794031,-0.004596077740655291,0.08571270458417302,0.033349293293644555,0.0642842336688263,0.011847383331728745,0.08154454870046068,0.01646530480716657,-0.02967179373418516,0.09959285292343356,-0.005771638541865132,0.05302727470951152,-0.006104857177161693
2024-10,-0.030429254335314626,-0.04072135764902862,-0.09897861409553321,0.12403214918260219,-0.05565877764493443,-0.062463050283687926,-0.127488634442118,0.09321482635301681,-0.012808655922397105,-0.02211480508930308,-0.040697687733184496,0.0021540127670631737,0.09288695198361152,-0.04481520803933825,0.009425626548551946,-0.07018691606654559,-0.1168017280021394,-0.010032663858047242,-0.03451462730056487,-0.016722905677449384,-0.047257422615497924,0.1492299715726335,-0.06343557716560444,0.05890121036300977,-0.013575082454701515,-0.08269389183365317,-0.0766735688483785,-0.006362357696381271,0.00037563497419568215,-0.01582590384730942,-0.017955773796972774,0.053931534587662755,0.03319601317451526,-0.03469106211422779,0.04046345204804891,-0.013919587988855842,0.014860648135464283,0.06452076878292323,0.010524978216269965,-0.030287575585728477,-0.11639456555804828,0.00010382686157983656,-0.0002602375700958559,-0.08908678606070286,0.03171529109186744,0.045807920988613304,-0.02825764482676707,-0.004982765209193718,0.03698927217796033,-0.0037535398736739944
2024-11,0.05170696526349383,0.013351458440991282,-0.006645743455918618,0.1321289773217562,0.04419242495894027,-0.000665901152015036,0.021262597452376575,0.041352812445420106,0.10128701783714567,-0.05946613950760182,0.08524050250949178,0.055207328148198176,0.17243740644283645,0.09658087554703543,-0.01278869670631888,0.08965180865621791,-0.030549747886777223,-0.010484323039378851,0.08095672358082306,0.024842297781443534,0.052456742023998304,0.18005068076066166,-0.03985909192707415,0.12527055655606767,-0.022558779771695625,0.11756499653716967,0.07917086505731463,-0.10940756797514728,0.1152897328156477,-0.04529664636855091,0.04105555544200512,0.13605924988563567,0.04257769800794353,0.07950554084220007,-0.00404348630802287,0.1132391116725977,0.12873705216964004,0.13254602201320087,0.09919234746514594,0.1512514004538401,-0.024301850217092857,0.22110191952634728,0.025120859029871045,0.060426054014490305,-0.012623456408109357,0.17532209552029698,0.09559319461435645,0.13806232443543576,0.08106629025223899,0.01840458704459058
2024-12,0.05515523923865007,-0.014784053244791262,-0.013416870072409881,-0.04475335551146131,-0.004628551973414163,-0.08872515881823562,-0.03445167969603724,-0.02857688306006967,-0.09846359196038423,0.012209047869776057,-0.06476625969135319,-0.10940858804633091,-0.10572726780738129,-0.12191450283623939,-0.07640523449224257,-0.0468507578557964,-0.01701822409676268,-0.06725373079466312,-0.16781351720820137,-0.07088124262461493,-0.09810548937939678,-0.0778522012869679,-0.029358200292186498,-0.040084890319449396,-0.06702794251148991,-0.16632017159635015,-0.13810013182306824,-0.07858714907467756,0.05531771626226978,0.43423720294367296,0.1387030186564806,-0.06978578236660815,0.007221546272586865,-0.10674451156397213,-0.08464089716986745,-0.05721899698919253,-0.02107923671601164,0.014308066489772564,-0.10553945723526348,-0.08709461759835624,-0.04118531214859278,-0.047898183225580704,-0.07953878563212158,-0.08288477545346606,0.12173394641001956,-0.05441144329148673,-0.0935381472213368,-0.030223651480802194,-0.00016887461767733924,-0.08808067690191357
2025-01,-0.057583336136236674,-0.004104848481237489,-0.0066345647185711565,0.10842411703132049,-0.015278651052765713,-0.001813361642340805,0.016254724630864414,-0.10589027190093325,0.0230316001541222,0.01614906150668438,-0.003864298605764649,0.18005483598443028,0.11768662960185283,0.05059989303112222,0.01980085524820785,0.04694477165031419,0.14901102801960575,-0.008185257032089832,0.0724113939115616,-0.09413159115761949,0.002450261956503441,0.1218678289621602,0.05062190224689345,0.12085643594604756,0.052067518758854625,-0.030922641170916143,-0.016258839137881842,0.09507351394412988,0.08336748865953902,-0.045591729369042655,-0.0027118402685822884,0.0534698671418361,0.04915575410245321,0.027681455848995062,-0.0034283943177257914,0.06942271969222724,0.08644179719034173,0.022044069718336834,0.030033231984407438,0.12475803616494807,-0.029666763305587374,0.015356946957394424,0.03944685952909621,0.22051691863377187,0.07776028810400049,0.11836809757056521,0.05910184391380868,-0.00960652094698633,0.030624050337412,-0.0068793121531652845
2025-02,0.02587251133027113,0.06799426485588222,-0.06648427755382413,-0.03843089566072777,-0.04161815579064143,-0.011344469261301171,0.03289980933557546,0.0403931058066469,-0.023521014249490824,-0.0033936925593639478,0.047292043910309944,0.08133863554443277,-0.03537090807307208,0.04146092386303346,0.078639902985711,0.025493084733934968,-0.11508141282757833,0.06164346769552154,-0.12448160715403911,0.05693506804816795,0.09418632349938538,-0.0011843687579944362,0.13702301241186077,-0.009914165221175386,0.09326934177003965,0.22130721407735177,0.002537399292692699,0.08804146795106038,-0.10686635257151178,-0.09870300987281122,-0.010706998322587813,-0.004319659188266267,-0.090860045417269,-0.07400913819371258,0.011378998823891928,0.07132377905509513,0.0045841536311457265,-0.1283288799571034,0.07500074565348847,0.008876163971146545,-0.0672532714577676,0.0065452417757716486,0.058821737077042524,0.016750973386857826,-0.1653761486667118,-0.023460703851422626,-0.03733196534246497,-0.04331581071529933,0.05792086136778729,0.05144457041801931
2025-03,-0.08150009429390093,0.018952205612746242,-0.018586193061856604,-0.12350682960442416,-0.05440940078093004,0.010260875484538579,-0.19676069945821983,-0.13232496449965547,-0.15807537443978292,-0.04124110730617203,-0.019673388988085905,-0.1530091674305064,-0.015717374132528605,0.0033605759671635482,0.02405619454030039,-0.04803826468454586,-0.05849065745324322,-0.08311651388378005,0.10743719897902415,-0.07594737258374151,0.052436204516834284,-0.08337585654792312,-0.10288609795052905,-0.0731152989217505,0.004969016591489517,-0.04298358522713841,-0.12547883775456425,0.011328995534282127,-0.1037309421475675,-0.15791690404933312,-0.023363693048011003,-0.08908133958581455,-0.026727274264626177,-0.04113980546039253,0.0592032040998931,-0.0980631580524457,-0.10728028576162807,-0.0990095068935446,0.05465890108595417,-0.020383595631009888,-0.011779532467055431,-0.1326889602273189,0.038130975593356986,-0.0311992066030089,-0.090802633102253,-0.12212963394007104,-0.07005611545747437,-0.005354900625805126,-0.037435691414875905,0.06826542606135932
2025-04,-0.04335306057398958,0.023305676228654093,-0.05080218920370905,-0.0027763602130465026,0.05293166193248733,-0.05656663091863645,-0.11153121631194751,0.004982454875415376,0.01012445481322044,-0.03670081925522661,-0.04011625034854038,-0.1839126476726054,0.039857003165769234,-0.20454545240794708,-0.0006524921446424692,-0.01584333411891148,-0.13786176152058116,-0.10175040674234903,-0.21443439073155923,-0.13355756094191895,-0.013058128509423339,-0.010865021350227377,0.08843585831269585,0.0033703695621740692,-0.05746508779510573,-0.11492729230391929,-0.02229287883654929,-0.06621710279729898,-0.030694820280155133,0.14955514722770902,0.07440634543732694,-0.04433266901176358,-0.03404192892482938,-0.05773476921740883,-0.15139970034516437,0.0515129905523255,0.10775711658935383,0.00287740725823582,-0.18668183466720556,-0.012336187592893455,-0.0276585386180489,-0.07852077883904407,0.0004098413212019203,0.006944760053424481,0.026901119940178964,0.0023064853121077533,-0.016371539112159383,-0.0059032976263653225,-0.05824945919483371,-0.11183048188330935
2025-05,-0.053584005614899066,-0.018144738664617743,-0.09812198220786172,0.10925318828351127,0.16683981045131824,0.05622018576232524,0.07429079388569249,0.24063549928333217,0.17630752347595235,-0.019331228143457557,0.04502659317540236,0.05610228132908768,0.08874202245553531,-0.006014953851814608,-0.012329211390789463,0.02752651195870004,-0.06102556245088686,0.14245551528893619,-0.26621129851839354,0.040344062698986605,-0.0022696855949450034,0.05886851713903263,-0.17772733901188964,0.07922497000906481,0.0014754794480411615,-0.02736324049606631,0.10696566263908114,-0.0006644022246277137,0.1116473080052216,0.25770246044442713,0.13141236143410295,0.10656976712910904,0.07178482451684687,0.12532758461443017,-0.034151868108186045,0.047295486470073644,0.017570031086760807,-0.012429710020725682,0.0169414991549115,0.09211327280593751,-0.04730849338432597,0.2428806870284168,-0.026465369065383992,0.2201548842942107,0.08148619898169485,0.10207830762575587,0.021637383248953368,0.08231907115607262,0.09198000361520542,-0.02260521823012651
2025-06,0.021508466222438072,-0.06379775285817268,0.04050724944878503,0.10021099678147816,0.08048059364909244,-0.009319003830164818,0.18026240490869916,0.16925162252476178,0.32078782415990004,0.03192838022597133,-0.062216648363111915,0.09148285052423066,0.03282777139088422,0.031309828222856995,0.020333460239292167,0.028136231131848266,0.007596941240557653,0.1354662037829748,0.040656546943551364,0.03485764270258529,-0.015696086130072784,0.07140957751478427,0.05674632341320085,0.09814379966725273,-0.015849582359687586,0.1457800763524859,-0.06796114506241846,-0.031126410858186793,0.07014294555445688,0.14140035656568384,0.010659807915316177,0.07860533112249146,0.07645432067748859,0.11544976597978485,0.051435266560242665,-0.04829943180050511,-0.009521935374977697,0.02921355838888351,0.04747635608989942,0.007584464282170078,0.04188659794398286,0.10172362896004539,0.0023784960074224593,0.04668380626288715,0.02738639908611251,0.17869932115387122,0.0017065398784650299,0.027396597075345586,0.10057106895548218,0.05376341127165962
2025-07,0.01169767583943182,0.02703905221718972,-0.0131379878350939,0.018385000064553347,0.07255583849300784,0.023624433034375558,0.05137963500569076,0.12583062355243713,0.16319453549786234,-0.022612359504035062,-0.049089838699898136,-0.02695609264227672,0.07113117294120119,0.0,0.028857606976227634,0.0451554534294174,0.15345537129192754,-0.12162274718885824,-0.20005134398703583,-0.14642366870674373,0.004192112403454518,0.006365314724289695,-0.05062036669259562,0.0267571872555612,0.07849441139931801,-0.11607144757801202,-0.07544975721929081,0.05691059817658406,0.06709513314943583,0.0654816451193021,0.058750525606408255,-0.0010566015224108272,0.054095834012973354,0.1324401458091935,0.0624024218348056,-0.05081114848570967,0.002045513620397399,-0.052660580470431206,0.059012269725362554,0.031229882905440487,-0.0019236154154494978,-0.03951296636408386,0.03084747649521624,0.05472559429370305,0.08891785209165959,0.022380827129672376,0.002372889520950716,-0.045216338212690776,-0.012836519045085204,0.03562152093207471
2025-08,0.11963895984061979,0.04488956142733347,0.0768049098192678,0.05629637543587318,-0.048691766218305066,0.021772577756033584,0.03588160142931418,-0.020745518363826654,-0.10891754180797497,0.06311716817410673,0.04366308078296255,-0.004352967484285486,-0.016572873505269925,0.08994072616702531,-0.01532779391552852,-0.003091935441279392,0.05354089242497295,0.11830330646829457,0.2416652584908321,0.03402197603375989,0.03437783438385056,0.02521127741010476,-0.007946365350397944,0.017486003431689934,0.08334605304331455,0.22979804645106938,-0.0027677324711841145,-0.01713316855832292,-0.021827348669553603,0.012563903739962523,0.05787953727845219,0.07340811797366142,0.019104610400924704,-0.04333130943590657,0.04663800117928152,0.005307186392834673,-0.00789443285551128,-0.008051616662767103,0.0708771931282639,-0.08720945199738805,0.04392377473943565,-0.006128818557371241,0.0156930592201332,0.015198641455650419,0.10948414150921826,0.035447457509792946,0.10682703107101932,-0.0076786717038942465,0.014835333394719319,0.033263200038046836
2025-09,0.09688121209766343,-0.025275066847534333,0.007597099223399795,0.05635310750169098,0.022222676492286153,0.04774451621406861,-0.0940626471103313,0.07125115097366086,0.24370927280114452,0.02907917100882118,-0.021586874584287985,-0.040707566934910844,-0.0038605554182266077,-0.05958087995484396,0.026760514049011697,-0.11255557737489374,-0.01474396366027575,-0.09260175332718756,0.1213685045078381,-0.04471642955501931,-0.0063305204229902046,0.01995609952587296,0.041524376891973525,0.04647985631500573,0.04656546376472903,0.37782335570688486,-0.011073765270124603,-0.019151187990231633,-0.04117900731782209,0.11125194221876589,-0.08032210428252606,0.022407434933442216,0.03924466580186858,0.13867403558055869,-0.04425582970634301,-0.018752874297062405,0.06269327841183281,-0.07351142538085997,-0.03306356212469663,-0.04133188059309767,-0.03502946909276061,-0.03277576661395676,0.010286560661878053,0.09443155767532341,0.14281827292390226,0.06856751860675714,0.001766960709089771,-0.04100224274415187,-0.00969743112064858,-0.013474443229769317
2025-10,0.061815166304167946,-0.017967017968541832,0.02442514390970585,0.03798695973517452,-0.00027038377100996325,0.07828857285867752,-0.07371288263479481,0.08527179462348733,-0.0646219540443842,-0.03257457604001546,-0.014503512424640097,-0.044089772250853754,-0.009950854043472734,0.04917079270171998,-0.007702762264980678,0.001027310243726376,0.16982815803944007,-0.11336651370231499,-0.010831184342193545,0.1543157868950078,-0.08024739813753934,0.037580655750306446,0.13087813536663062,-0.008868559313091606,0.018606353454776903,0.19195238711935314,-0.03526577587925228,0.05751223342538103,0.11226484981660545,0.12039656517968034,-0.06861880847402568,0.036053471617290445,-0.07124284960395366,0.21328407703147612,-0.06057725233898492,-0.01392620036875214,-0.018241695835708893,0.0987763632447125,0.015648265431278174,0.009556901026772868,0.08635133679163065,-0.016419190433199837,0.004444517475145737,0.02702608138093887,0.15668450932195155,-0.00876488039355594,-0.0631802473273535,0.014779724327867338,0.07499948689670255,0.014279376957383905
2025-11,0.03236424005075422,0.044868099231758496,0.21923697368289385,0.034512276616877946,-0.048046756730589224,0.06725196896100982,0.0006192586940929612,-0.1258828143464189,-0.23098892436329066,0.06260622288261763,-0.014697031927795257,0.08494268497378576,-0.016152018770869914,0.0049916155744926805,-0.023079259910528727,0.02586304672710593,0.04131203596912436,0.042177633923828006,-0.03451799242638842,0.01073644482416336,0.034474110763774934,-0.007688148049157406,0.24823199290136233,0.006299787319908878,0.10252438770214112,0.014253555161292786,-0.05929885345876951,0.16584780713402836,-0.04504135592915348,0.09017109320600825,-0.059795065252158275,0.0037418469724912473,-0.0327942840622053,-0.0025984779281746917,0.007347825973048394,0.0023479121057152774,0.09221185602638315,-0.11470379884468429,-0.031081055450757233,0.0061954341763810206,0.05292959129931307,-0.0723672629489569,0.005770676248078921,-0.033985976588032596,0.13866057550838806,0.04645471214899444,-0.0597223224597313,-0.03968052743193606,0.052386849824040294,0.0225070230499389
2025-12,-0.02069217088964992,-0.006226618375251736,0.020380565390987204,0.05552275843109178,-0.009207129166881711,-0.06675167944751481,-0.047181569446615335,0.05960703181539695,-0.023471055808280905,-0.029137549246246452,-0.027740277305276395,-0.021352331988954698,0.0843308167541057,0.07214555744614737,-0.03895968000540073,0.05785542264127841,-0.011748430898531614,0.04249117100418398,0.014019712077778745,0.04019211314363269,-0.009973370997864106,0.09854398710711876,0.0039797307053437425,0.033026878626142286,-4.833568092521556e-05,-0.0803748033987296,0.10114642298108101,-0.04854389744865162,-0.0029585903344253595,-0.13013843101579847,0.15608465608465605,0.03573664201119753,0.03941850900566468,0.0028310456685896046,0.060998998787083814,-0.05247427755104117,0.014823479908593562,0.15532779337700142,0.007807713019699403,0.011733301348227698,0.018561340789757796,0.10621856267327212,-0.0505083414484121,0.04589229493255753,-0.019128843120217343,0.0759824172943333,-0.023338195926735583,0.021697276181387837,0.006108685406811087,0.04373706045292791
